Image_ID,Movie_ID,TV_ID,Poster_Path
1,1018,,/fMC8JBWx2VjsJ53JopAcFjqmlYv.jpg
2,1023,,/ysLgwV21cnoI9nkWIvdZWqJuwjE.jpg
3,1024,,/5ek49TUeqStPmKwNdxrCSUAdXNe.jpg
4,1039,,/39UvdRSdETUixSeQ86KI996e7J8.jpg
5,1040,,/ceSaasF8Dqbd8CxVKPvLBwbBxy4.jpg
6,1049,,/tTknufUur6nxMHEAR3iZ71kJXHt.jpg
7,1050,,/9a9csHTZRIMMnqx2z0H2kNvf6wa.jpg
8,1051,,/xwDi4wF0I1L5bSW08Y8GocDGjJP.jpg
9,1052,,/7zvq6rcS5VVmPDlciJbSFsmt1CL.jpg
10,1058,,/nBpXuTyhcqx2semf39zGXZl65H3.jpg
11,1059,,/qZmpnwqgMBJtVgiUqBdmFsdkW7m.jpg
12,1073,,/jMwDRI4qu5FrSAzf7BfNveuRVf9.jpg
13,1075,,NULL
14,1088,,/x6qMQ6LActtQSjuXidzuhqVW3AT.jpg
15,1089,,/zAt6vprHgkQCaQ5n6qwfXd4zAcD.jpg
16,1090,,/19XUd3YoAY2cwWJnutvq5VEtiIO.jpg
17,1091,,/s5fH3GqFcHbi2F0NSBSh4KRNTc0.jpg
18,1092,,/xsVmiQG7s2T0UIctSpDvpNv9CX5.jpg
19,1093,,/gwPV0aXkNyb33BcLTbYH6b1bxya.jpg
20,1103,,/z1KTbKJh7vSTTXllxxE4DWG63rT.jpg
21,1114,,/5CXTFjJvdZvdqoFJ2Y6nW6k2Zyv.jpg
22,1115,,/xN6BG1WJPOJgwQJ4SKlLZ1UYVct.jpg
23,1116,,/uLt7SpgPjfwkWqJpUk08xONISFZ.jpg
24,1123,,/3gra6N7DUNdac8iG44ozl8Rnh8H.jpg
25,1124,,/5MXyQfz8xUP3dIFPTubhTsbFY6N.jpg
26,1125,,/jrtyk21qp9oVHveellwoyp825q2.jpg
27,1126,,/6ZQUlZc3nNNfiRcPYqx6FE2piBO.jpg
28,1127,,/aHg2IOpslBZGiW7IipGCGmect00.jpg
29,1162,,/1Rk8UwvOI1ZSlbfhrNBu4J0Zlb7.jpg
30,1163,,/82fbnYZASQ6q9KCjNaXUCusuoou.jpg
31,1164,,/fxneN0EQZwTfAfhTGUvUuIn6PLi.jpg
32,1165,,/Ai8tz9c7Homb9mLg8baGhX1ABkR.jpg
33,1213,,/cTV9p4Pup3XLGYZ0aNJCF9c4GuL.jpg
34,1244,,/88JnouOmKWvk89lKasMdkZY47xE.jpg
35,1245,,/gvu4zaF0KeIRoZ5fVABQH3Wug3r.jpg
36,1246,,/usZMPGxyRsyOpX5nuqHFxH3qlMh.jpg
37,1247,,/s2RYkRXrjUIyOlmzym37kpLTKRz.jpg
38,1248,,/athS1NzNvBRBKsaGni3TEOKUO8N.jpg
39,1249,,/92MIHjyOpmJMnf79DGtPEXGQhuG.jpg
40,1250,,/jnllnSq8u4d1oQPU7PsoAHD6bLU.jpg
41,1251,,/nWJJqOryTQOmVXvKUkLcEETUHgT.jpg
42,1252,,/wxsyl5wjobtYhll3rf5nGuC4kBN.jpg
43,1253,,/tH4pFx2e8oxTKTn1DrZv8eqJACn.jpg
44,1254,,NULL
45,1255,,/74OkcSKTs4f8myeLaVdJ57lj2CG.jpg
46,1256,,/2oxEoSoRJaZuDVsefHOYS5n7cTV.jpg
47,1257,,/a7fBuvCoPPP5RQMZuPN25OT4rk9.jpg
48,1259,,/auGdbhh2LklmZV1LLLwQ5uvHiX4.jpg
49,1260,,/b8L0pXMTWO2FbNDqCCVPBqJALwV.jpg
50,1262,,/AtjCCvfMq9kmjwjbVwTJ0mWG7zp.jpg
51,1263,,/oRr1mrVMqlnoiMyUj42VlFCRiJ4.jpg
52,1264,,/rWHMPgoaNaYLZV2TIvdCDTuH0df.jpg
53,1265,,/vNUvGD1Pl5NjgiSrtVrEa52Ewju.jpg
54,1266,,/nFbZvElg1peBts1SYrfPkxUc3QG.jpg
55,1267,,/oe7w9SxGmpSW1dlz5QaVVKWBEVz.jpg
56,1268,,/5G3gOZemcwXf2nbUFB4VCc5gl2A.jpg
57,1269,,/qfU9n7QQ3dNas1rKm5xTDT1NgR6.jpg
58,1271,,/bYR8O1H1ZlME7Dm9ysfTYZnRDpw.jpg
59,1272,,/upgi8oTlMthM9sweAyBoXqr8doZ.jpg
60,1273,,/4hGzZ2DAjdu6IjHT7dGfiVatHEu.jpg
61,1277,,/zqbtWdQgdXuFiFfQCn6AGPrOiOQ.jpg
62,1278,,/7ABcfmXQZeCXl5sNrDuLS1URMPN.jpg
63,1279,,/1fsOMSQb5w5I9qe4kmKueBAdMhp.jpg
64,1280,,/wPlnP2xTCnQvXJAaEEm7C1bdhHT.jpg
65,1281,,/36B69cweS9xaeQRj0qA4jnaGM6l.jpg
66,1282,,/yS11joPn962PSp8iBsmcaZLWN4M.jpg
67,1283,,NULL
68,1284,,/iJWsg9WcH81TYOcdJnEbcKbybPA.jpg
69,1285,,/1FkDIzde4LZqCbe6MBUcz12p3nu.jpg
70,1294,,/7qMsdMX2WrQXJoftnm4qQyyBLMb.jpg
71,1358,,/245tFCzZLiE9Xo03EuZIU03zXEw.jpg
72,1359,,/qXsylPM4Lr5397R3eHrfqHhTUNc.jpg
73,1360,,/zwkLXyeAKYGX6iKJemLlSSPmC22.jpg
74,1361,,/rmjhiMrx6cqwsrg4tqYuIBk5SkY.jpg
75,1362,,/8KYEsBl0bT4V3HzOawohxlhIJB6.jpg
76,1363,,/dRV0aqhalPHVRwHKHTsj36QVhTR.jpg
77,1364,,/1sXh1xMe9KVqGvA5tBqG9DrYhzn.jpg
78,1365,,/8tQ2ZtUJ4bxxUF1slc6DKBXOtTN.jpg
79,1366,,/lmwGr6J5y6kngFNQuFV2y1yw4OB.jpg
80,1367,,/NGxIbk3qNtPACVN9Y6c9qDkOir.jpg
81,1368,,/bbYNNEGLXrV3lJpHDg7CKaPscCb.jpg
82,1369,,/dWMnmw2nJ0bCK62W1JCNXvUQQKC.jpg
83,1370,,/oCD41FfUs1OMCdPaf5EcJ6dxxMW.jpg
84,1371,,/ns55NGqTDEEjcI9z2a9htA2cFtG.jpg
85,1372,,/wRamTzV6udKaMXrspxqOuo02zk0.jpg
86,1373,,/lYobbQHa08PpXB6GdCVdkoKNGXp.jpg
87,1374,,/edI4vIemJ5NwIORVbGtLdbJA2ih.jpg
88,1375,,/mamE1mVcWyJuxdPuGTISaB6KrX0.jpg
89,1376,,/y4qzkGdeTZvKXVULxRGhLtNWToP.jpg
90,1377,,/2IwzjYhM3aFfXyQZiP5I8Ci3GhA.jpg
91,1378,,/iaS9XXoHW6ZVveu6wpLaTv1Bv29.jpg
92,1379,,/xJlm8eieXY9ciNPSUsSDFaOCq4M.jpg
93,1380,,/aXFBVIY2i3HETfBGvRojg3RRt3C.jpg
94,1381,,/lGIJvQ8ZQazOHVAA0E34yIy7gxv.jpg
95,1382,,/aIAPgrDKjr2joz2KxQZO2wm0BxT.jpg
96,1386,,/7yZKCiqMbHb9uFBg3OtRK4RAT8k.jpg
97,1387,,/1JYPLVtOrkYNKplhrYrn0OETzM6.jpg
98,1388,,/fFr3uRHQjm2fZat5NNi9kAhehaQ.jpg
99,1389,,/hSL2Ta4ErgAxPEOlkkxZmrTSAET.jpg
100,1391,,/lA52Zr0MGkCDDAzwno9ruCjDwK0.jpg
101,1392,,/gteL79uWvdec9Me0mCNHxI1kZdn.jpg
102,1393,,/ekAYwaxY9OAZUhe3Ej9RHJk1CTB.jpg
103,1394,,/mSrfyFGeSZ58sfDvtVz8TvTQyfX.jpg
104,1396,,/37EBRMPRpF49t2gDvr2ybXkVKYa.jpg
105,1397,,null
106,1398,,/ezt0Z9wIcPIxiks0J4dm8zJn575.jpg
107,1402,,/iMNp6gTeDBXbzjKRNYtorxZ76G2.jpg
108,1403,,/x7hHrS9iFovvVsVPNtWJpbVd7N4.jpg
109,1404,,/AuhevZysRpWVOTCj8hZpL5ynlCx.jpg
110,1405,,/cYy8vLywLzik1zpLDuD42ZNKdwS.jpg
111,1406,,/tdOHDekHHGyjcR3Ay6WQ6uiFHoz.jpg
112,1407,,/xJMbQkNKt85ZSIh4HucDwENL8dq.jpg
113,1408,,/1rxzPhTdge0S5VIZPblFPOtn4dw.jpg
114,1410,,/hLnYs90BBYBRXpmYQUIPgIKZxvF.jpg
115,1411,,/o7tPvjQjSmHN8RnRCWhUsCC1EbQ.jpg
116,1412,, and Videotape
117,1413,,/c7oXl40SpsPifAePUiI1KcGu0SX.jpg
118,1414,,/4HRUZYCAXN1W3C0qgJpAWbp7nNo.jpg
119,1415,,/5mkzsFJVkKXMiGxKsGTXEsxfpJr.jpg
120,1416,,/ji3g52raY5k12bAlIbIkkEEtz4V.jpg
121,1417,,/t0TDsqbCTgSi0AL7k4baZrOYYhi.jpg
122,1418,,/bGZrvpZeOk5TlmcLJnmNCPDEnmo.jpg
123,1419,,/41EsLkSWhpCJ0hNGo5A2L0WsZ6C.jpg
124,1420,,/tIQ4ZuEW6DBrUtYVsJhwEPxZ5Td.jpg
125,1421,,/vx5PU9eNifB0izXcP9NdBujobBe.jpg
126,1422,,/tGLO9zw5ZtCeyyEWgbYGgsFxC6i.jpg
127,1423,,/gxFEX0ujPaKqZFSJjgQ64gQwt0l.jpg
128,1424,,/mPUGbX53WFnMerZkgRSSFzkrzNr.jpg
129,1426,,null
130,1427,,/zC9JHS6NlkJKPYFxOOqBl7fQCjT.jpg
131,1428,,/j3Mz1jaM3MVr5K1Ijh5D2T93VF2.jpg
132,1429,,/hf3KpQ13Z8HS0ZodzooMiR8PBqD.jpg
133,1430,,/eQLThQmmiCyEoGDr1MdNGYOjU0M.jpg
134,1433,,/e9UizPFgoCnRCPtR0tyg2JNXY6A.jpg
135,1435,,/8kAAZ2mC2uUd4D95CbdYUsikcju.jpg
136,1436,,/5mlJbhh9SIVNG8KAxsnNYTMMHeg.jpg
137,1437,,/mHZUHrBy1K0A6Kexpx7iUwglfim.jpg
138,1438,,null
139,1439,,/518WmPyfc9YcnFiehqCiyGgbhmt.jpg
140,1440,,/225OXhGllrBJ6FWaYyiosxDU1us.jpg
141,1441,,/a66bDag0gQrFWycqfKbImacUFbV.jpg
142,1442,,/wg3q1X3Yj5jDlE00BhzPuiCFQ7m.jpg
143,1443,,/uokfCMwTIyYaXfo3KoNSmzvjXn1.jpg
144,1444,,/cG1HyoRoODEjSSQn5WJUDJn2LrS.jpg
145,1448,,/dDSOm4wRRbC2tSvhPtPcLeVZjvf.jpg
146,1450,,/cchu94PVGceYyjl73SToIVRYNba.jpg
147,1452,,/fTWi7V04VrtDj0hm1YDJYK4VpJW.jpg
148,1479,,NULL
149,1480,,/4fkBpBB461nZhee5vb8uVsiBAQM.jpg
150,1481,,/q6sQKXTzQVKLYXxXtkvaJq8husw.jpg
151,1482,,/dDFVceVbXLnJNZnx6F0pr2J3zyk.jpg
152,1483,,/zMblKkXheWIzwrnKlUIWEX1eq4E.jpg
153,1484,,/udChzKJYY8xNhg1zToO4HVSJ8k9.jpg
154,1485,,/mVDDWvu5PNVFaf6JCqIuj1HmZ1C.jpg
155,1487,,/3fAWzI9MUosggdGMu7EaDhn44m6.jpg
156,1488,,/cAp4rjRpYCaQqhYiKvYvN8aRDCA.jpg
157,1489,,null
158,1490,,null
159,1491,,/sRYw9oAiporMpq1GWcYHqmpdeAO.jpg
160,1492,,/3N2JUkPxGPhnNEbN8KsN8ukOomN.jpg
161,1493,,/mILq93mndRkMRz1MgaKqD3WpR1d.jpg
162,1494,,/8JGOTkKOCqSfAwIMPQKF0K44lUW.jpg
163,1495,,/d9GYuT9aMoDi4MPTKYe4M2PwUm4.jpg
164,1496,,/kt6svEFscOUkisIeIlicpzmp3BC.jpg
165,1497,,/HD4LtUw4Ono9tzgwWOhHpHcjkj.jpg
166,1498,,/cok0SSxmD7fYeZj6l9XOr2mb0YL.jpg
167,1499,,/bax6hItUe0XSeyO25J5V7hhgkkZ.jpg
168,1523,,/rgJa3DRf8L2EnYKr5ZRMpuQn0s2.jpg
169,1534,,/1gN8kJYFjyAOL3cR1z6lnMkElfb.jpg
170,1535,,/hsb8hBeU3tkTX8SUYW6YYw6JPYD.jpg
171,1537,,/dCTVH1kl3aIkUmWpMT5STLAwsPs.jpg
172,1538,,/fmkv2eRuYCTq7A5jzMBNgoNe1vA.jpg
173,1539,,/seNiggJUF4E0hzzYFhaAcKjUZVp.jpg
174,1540,,/uyl698OfXHAiM6X1eZgPI7lbmE9.jpg
175,1541,,/29Do6f2m5h8tat9qt66OOMl2bsg.jpg
176,1542,,/iO9aZzrfmMvm3IqkFiQyuuUMLh2.jpg
177,1543,,/aW7KJ00BLPvmMTnucAJLODyp22V.jpg
178,1544,,/6IXVDZOpqThs3GTPix4ImwrTVb7.jpg
179,1546,,/8Kx2g2ri5qOAlwqqIG8NTDUT23X.jpg
180,1547,,/evo7oiay9qDUzY510VhrB3YzyJs.jpg
181,1548,,/2qdw5cGpXcG56j5pWU4e6UYKk0v.jpg
182,1549,,/foY6i3HTlhKKSSdmjer4ypR5bjx.jpg
183,1550,,/ccDS002s5Aavb1qCjlx379jmHXu.jpg
184,1551,,/3CoUzgCU8kR2UCXovrvfNAjvWkI.jpg
185,1552,,/yHctYQeDL9AcuK79rY1dEgrcPVf.jpg
186,1553,,/47zfk5IIrbupXbw6DFay25vY1cR.jpg
187,1554,,/yqNZ9wPBCHt22tc3l4Nvw627DDO.jpg
188,1555,,/fYW26Vt8JOep3sLHFMw0rwSI256.jpg
189,1556,,/mimlYQP9cnb9mA4kak6kEEgzyGn.jpg
190,1558,,/zYwUAXvLRZx9eiR89Wy5Mx2sXt7.jpg
191,1559,,/ftOtiQPpH3cMCCR0Wp0nnsGm8RJ.jpg
192,1560,,/9Arf8w8SbOdY9zvXqGzIrRCRUDZ.jpg
193,1561,,/2jlGE69Wl8kHhvP7EmeoOmVBR1T.jpg
194,1562,,/kcJ99AtUykDhpzfQOApsViQa3fj.jpg
195,1563,,/3L5sW2hGHQmNfVBdOsonSfGzSrN.jpg
196,1564,,/xlRQt4LAut82VTjkvAd0TQo6dRh.jpg
197,1566,,/frZsN12LNj62nnW11D3I06eC5O4.jpg
198,1567,,/6VsYFr7gsNfGMyiji4tyObEvxzD.jpg
199,1568,,/hw9jfCXAnqlTFIHzCc2LPEvN58G.jpg
200,1569,,/mCoPQOR256CjgPz09a5PzhfWikb.jpg
201,1571,,/pHWgbaXiQD2nmex7u8Xv6XmhaZS.jpg
202,1572,,/ivpXGcsPZglyYrN65THWSD7JM3q.jpg
203,1573,,/zSgL998DXaljsCmwQuwDM8Ak4rV.jpg
204,1574,,/18pCc2XZ5MO7wsywOYEbhoeuxNw.jpg
205,1576,,/fttmSgLEOdBNwQepW2lC6t0mbOm.jpg
206,1577,,/iSuDk6sbkbjnLfB5rftMlyiJfh4.jpg
207,1578,,/3cgzzWsUOBlNjmA5m4qs9BGkezC.jpg
208,1579,,/5BTFXR96hcBzmJvd9FwNayV79Xu.jpg
209,1580,,/9UlEZpKqJPoaFu1OfHM3BohSRUo.jpg
210,1581,,/ixNtpuq8OVp4IckgzkSJIflFDkw.jpg
211,1583,,/2oOiWdMgZL18JIUilikNhuAwehB.jpg
212,1584,,/cREN222Yw78zvSQ9bg17Y9QZS0c.jpg
213,1585,,/qZJ6d1SDsfoztmBfStwkBeTaOwG.jpg
214,1586,,/f5t7Df50xjniLlE80ty2dYsZBqI.jpg
215,1587,,/xTRRw69N4vsccTY0TDB9FqZY5ld.jpg
216,1588,,/yg0O6eGgrumDZ1bht3pqMjNaWon.jpg
217,1589,,/zHFYubK4XoG9L2rdWjNf4ODWvo8.jpg
218,1590,,/jxyqka5Wfcdt7FZ3r9q6ZmGCcRP.jpg
219,1591,,/qczbnkRh59p3thNOHMQ3Ko3EgEK.jpg
220,1592,,/jaDUxqDju6zqoADVKvZo2OunoRC.jpg
221,1593,,/NUbCSwy2EQ9Z6psUjPqr3WdVI2.jpg
222,1594,,/eIHCtW49NgGr4s0WEfpSGFBrJCv.jpg
223,1595,,/bGtFOtvHFaHJbFR5aIg6LCkawS8.jpg
224,1596,,/qri5EI0sQDkCSTacJiBWMq8FvXz.jpg
225,1597,,/wVjtQtzv9IcNRGnOOdcK797Sdxx.jpg
226,1598,,/4KvrvcqckdupXXO2YnANtyG7QLK.jpg
227,1599,,/ixBOn4knr5kN72ui1ZeWBBZLDOe.jpg
228,1600,,/CuBNIdRCfFbTQTZtK0G99mxI42.jpg
229,1607,,/wlYIwDwk53R4h0uMnpK1NAhHqdg.jpg
230,1608,,/dbGW26e5T8Uki9z37gTZ5iuXXSz.jpg
231,1609,,/kPXi6FjTLhM7aoHjdz7FWrqiWS6.jpg
232,1610,,/eojvUxccpCNbg4lP99pn6Z0j7sR.jpg
233,1611,,/xPz6pOU2OuYMR9uohCXDWUTM6mW.jpg
234,1612,,/t9DYS5j5YCLUWaqi9CtypFWzmqm.jpg
235,1613,,/wh7oKqAsNqpNcpFiW6LrH4Z79Ga.jpg
236,1615,,/qqG1e4tzI5nygCDFrvhYWuu4nWE.jpg
237,1616,,/kExqRxe2UU2fZOEJjNgPAOFl0SZ.jpg
238,1618,,/xCIPFFTSr84SxiU8BaEmpVxDCNZ.jpg
239,1619,,/zLMZxrVeepvtAbL3iUGexAtznmT.jpg
240,1620,,/1U2FpMotSyaciATw5qfEsKdgpX4.jpg
241,1621,,/6HS7QG5aR0tZ9JHORs7DMtyqCDr.jpg
242,1622,,/jXtPFxuVAEjjbagAnXoIDU9gKdO.jpg
243,1623,,/dNhyjHDUUx9TSlEpFj8zko9x2Au.jpg
244,1624,,/qd8VcWKrE4cNfInl9Osb8o8h9KP.jpg
245,1626,,/baz1c9dzsf5uhNuUYhXy7eudNJd.jpg
246,1627,,/e2YaW0uTaP8s1YRORn4mKroNKQD.jpg
247,1628,,/jP2ttnz3qPiFZtpYMmUsUuWdGCh.jpg
248,1629,,/j9RwOcVFgPD3L9ktoUOYuejquJa.jpg
249,1630,,/9F1eO4vH7yseGQEovIkXOm3Hrtq.jpg
250,1631,,/39AriYTuZbwsMrTMc72mkO8dbVh.jpg
251,1632,,/uSukdUQwx0l4rRuMXNqugR1tu4n.jpg
252,1633,,/3hSjDfJcaicSLyivGzm1xMaoQ6Y.jpg
253,1634,,/vIjiTSNA52VGGP9eeegNaMKXNhf.jpg
254,1635,,/erprD7GIkvZz2KM4Z35eyTJKZMI.jpg
255,1636,,/bgDOE1eyvi786a8vKV8rDwrAH6U.jpg
256,1637,,/bDLiyoxdK8mZHaeYVOxMZj7WGkb.jpg
257,1639,,/iHktqeAGoJpENiiuXfsXaHmhr7D.jpg
258,1640,,/pG8LL4LYMCr5uikhx9rewrW8352.jpg
259,1641,,/g1w3I72XTZ604Luhv8MEpTLLoU7.jpg
260,1642,,/gKDNaAFzT21cSVeKQop7d1uhoSp.jpg
261,1643,,/6ppSHkDe7CoxyvFEc6JILuKnAu0.jpg
262,1644,,/7RgHejzJKEv94LGHQzhQGk4vwzb.jpg
263,1645,,/sCHK5jHhRcrXZvZDekZXvRkDOHc.jpg
264,1646,,/fPE30sDhrgkBEeJKRCsPERP3wQ9.jpg
265,1647,,/hQuFWLIKUwWUWYhk6KHsBOKKeHc.jpg
266,1648,,/b2yKJ1STPklVSRtso2Tg4TPXK7u.jpg
267,1649,,/svSPrV7o3pSwuuJcDrDLH1wNF8a.jpg
268,1650,,/5iFVUCmxqknQFLt8wYTekpVhtVe.jpg
269,1651,,/hCrArdnyK3FEKtpsRtR9nUWeB47.jpg
270,1652,,/2FBgfxKMWmHF4HsUmzdv00sKQdk.jpg
271,1653,,/wGwnX2FVakJEk2aTzG29DXfJLWK.jpg
272,1654,,/5SawqeuARDbUPrFohTulwd2PZ2N.jpg
273,1655,,/iFvQz3WXtoN7VnRYEf4S4Tarm6H.jpg
274,1656,,/rH3WJbSE3APS1l1hTXZZbz3NVP1.jpg
275,1658,,NULL
276,1659,,/dijP16u288nHOAHre6D4i09VrOH.jpg
277,1660,,/jmj7ZsBP9fN6Ji6QhpIfHVQZyu8.jpg
278,1661,,/r9PsrHr1EmpJEzpJO0uqUxgOSvq.jpg
279,1662,,/5vwP5vUBqizNI5O7UU6mAgkTkGa.jpg
280,1663,,/lHvaXMDSsn8t4BEzJCDPduKGxyE.jpg
281,1665,,/zNv8Jy1WP94tBE63OSAXuNUcBpG.jpg
282,1666,,/9TuQpnDXEfnAvcbjAW9WEQWCTIS.jpg
283,1667,,/aocUVKlBV0JHbg0IZuEN1uTTXjs.jpg
284,1669,,/bqvlKYlWq2uibsuVzKTWseeccd2.jpg
285,1670,,/rBwQQq7FBC83zohXFLExZg1FSbM.jpg
286,1672,,/lcqPvmGXmkGwhr5fIox6ZEyol4m.jpg
287,1673,,/5be8tXSibDcrX3cCKbe3uNxrunk.jpg
288,1675,,/aerF4eDsrSWZWPfJ7svnrIXkWZD.jpg
289,1676,,/qaQdtZCJL5G6gGMCCsZOYEXxNIG.jpg
290,1677,,/fPDsBL0MdegEvyPhim9b5srHOqG.jpg
291,1678,,/ja3fAoKDVbApKuAd55HoAGTdr3f.jpg
292,1679,,/hz7qYQiYqxItCDgYGW4Q8GqLEGS.jpg
293,1680,,/pyf3DWaSCy8nLHgUijCME8CkIIt.jpg
294,1682,,/7XdeTfAEEeK6L485Aa9qw99wk2J.jpg
295,1683,,/wwpI649fFYWaOhit5O1WLsFuHOI.jpg
296,1684,,/iUKdOlRzyRsqaTVPGGkSsQ7Sgmx.jpg
297,1685,,/qxlKNC2nPZfmQzWeRq7kQmZVGB1.jpg
298,1686,,/bTyALg0Ko7GfwEH2ZiDUr4cJqc.jpg
299,1687,,/yOnN43HdxvV5h5U4qsGIfeUL0Zv.jpg
300,1688,,/wxanhJ9ZuZ05P4J2hkC1M1rA0dv.jpg
301,1689,,/7c3hy4V8ZPyvhHdhO3JnduGmLu0.jpg
302,1690,,/zF3pEs1CUbjPgioxDH4h2MEHsWl.jpg
303,1691,,/fRRjGgHCh6dWvRn1wSbv2VMO6JL.jpg
304,1693,,/pxm2HKFwUpq5dFjfCPt5nDm94IL.jpg
305,1694,,/hJnP2O0uTuh8HsR094WLTi3sQwc.jpg
306,1696,,/fj4rrpUlBpFjPaJecpjID6yqacx.jpg
307,1697,,/ywzCOgNP9vfwQvgion1zqaOEfL.jpg
308,1698,,/xVvMgM0WTARC5RMj7JjqtVZh22f.jpg
309,1699,,/m1Yje32iUrAvYuLqgJNL34f3I4a.jpg
310,1700,,/s0Ot5zUmVF1jSN9WpBHRafvUPld.jpg
311,1701,,/yhaOQ7xXw0PLHLvg1w0M9zlPdg6.jpg
312,1702,,/yg9zyB7CgbfUTXY0FQb2rUB0HYa.jpg
313,1705,,/2tx8XXPU6lSerxDnIhYwror52LV.jpg
314,1710,,/80czeJGSoik22fhtUM9WzyjUU4r.jpg
315,1711,,/foUu0q9wyoK0h3d9mgGkXjdlXZf.jpg
316,1712,,/e9PdwBHNgxlhgqUu1o1e53Vk0OR.jpg
317,1713,,/eSWv0PSnBqQbSBzce6iaDFkf6T9.jpg
318,1714,,/rcy2czarYgMZxyyXjvt9OWK0bd.jpg
319,1715,,/lgRNj2qa6EWPqJQmtejkGKBZkvm.jpg
320,1716,,/njA3RAhkYdqZQFgVoUMw76nkSbO.jpg
321,1717,,/rnmq4QBAWhxULd12PhlCFa1RjHa.jpg
322,1718,,/9b0zNSfG1mS1GSXSE4HfxQhvcMc.jpg
323,1719,,/wnnZuoN7i7MqkO3rr81fFCaKyZ7.jpg
324,1720,,/iQV5zJCKWqgctwgm6bKdbpbnL7H.jpg
325,1721,,/hfra5i11GjZf0pdwseA2OUDZkR5.jpg
326,1722,,/kKDQgPvxf0hjjlnKPp3oGblDsZR.jpg
327,1723,,/yM9UjgN7SkFRUTbYZcJ8o4L3Dpy.jpg
328,1724,,/qTghl3lO8PhmIxkf8eN5WQQefHI.jpg
329,1725,,/zRQhCSREdR9h4OzEVvwhdlZNZ6m.jpg
330,1726,,/s2IG9qXfhJYxIttKyroYFBsHwzQ.jpg
331,1727,,/tvQOyGckGgP6JOmUm5ypN9HHoHx.jpg
332,1729,,/4jTVS5uij49cqzLKXjaQywIp7cV.jpg
333,1730,,/xQKF94NvqsHCuGUjgvJ5Etgnryu.jpg
334,1731,,/gASJ1iahvLS6ivFG0vi6aLy3pT6.jpg
335,1732,,/8Ci5Ccx79gYjEEyXGu52PMFsHCv.jpg
336,1734,,/hioiYUZVIuYIhagDGhIAjyNEUu0.jpg
337,1735,,/53hrZvxiV3HgG6pdhuMeErIc7Hg.jpg
338,1736,,/dbBiYUJqKjUTN2luM2kc8lg8X7Y.jpg
339,1738,,/lYqsINoop9spG1FV4SjxXvcYfss.jpg
340,1739,,/joVSYu1wstKJe5vKEFRvf4DHCOc.jpg
341,1740,,/aSsVLOHIeDjb6HqrJp11WrxYLzs.jpg
342,1770,,/kToN6lKO4NGoVoMcdPFWzPadrkg.jpg
343,1771,,/dlIPGXPxXQTp9kFrRzn0RsfUelx.jpg
344,1772,,/cVMP2A2x5kPQMghsCBKeqJOPDRy.jpg
345,1773,,/rA6Iubjxc3hjxQ4K3o45f0e1mVY.jpg
346,1774,,/aFLY07Lf4lCLj8sN5LUp5jyZyRj.jpg
347,1775,,/qnKARYBofUzHkBY8x9GWSNSoota.jpg
348,1776,,/jNw27Zj3BwYtqGlbKSXYu69OCRV.jpg
349,1777,,/vZYGLqVV4qnAknyxnFrhDQNl1SS.jpg
350,1778,,/uHq3eH0OpMPhlKOGCUrv6gq11JJ.jpg
351,1779,,/kTaqM1mxJCgDq7nhc7zHvtR3LPk.jpg
352,1781,,/yhsevNFscOH8YA90vsldYwzqkQt.jpg
353,1782,,/fDiXPlwZ9cmzUk1XId3UIhbNbhe.jpg
354,1783,,/2SxOsGKDmbx1Um0p3aaeE94Lqk0.jpg
355,1785,,/zhWgqtSOWmxckHMjJRCxJqjqfSN.jpg
356,1786,,/yg3Vl5uVW846arPaXP5aMDJij2v.jpg
357,1787,,/4Z2UO4xayoaMsb5DqXy3YzztpDR.jpg
358,1788,,/79iEen28ai1rsXvOVWRJuHrsexO.jpg
359,1789,,/cLkBIYhwfkdNmgmIqBvu2T9ijZa.jpg
360,1790,,/BPBYqRfuJbZU4d23QcDeSB5FJf.jpg
361,1791,,/mqBnlpJ3IaxUgYIR7mLglp9vIDz.jpg
362,1792,,/8ar9RJsLL7JSWwvE020D9aATAge.jpg
363,1793,,/7zSLwQGPgxTvFVcbNDIssjOlgxr.jpg
364,1802,,/13ERRUQYR5Mz6YChJEH0RlPpaBN.jpg
365,1803,,/3O7VwsGQdgqjChRxSZwPjjYND6m.jpg
366,1807,,/AgSWtbb8zMtTyjHFP12QeRbQGD5.jpg
367,1808,,/jhRPjcw24WK0RTPYT9IFEykwnKp.jpg
368,1809,,/wZ8QnVrqicqIa4vlDC5nZ5rtoUK.jpg
369,1810,,/ows0Wsey5GvoLc3QFqJgZ8lpabr.jpg
370,1811,,/pF6MKCdME7Z2hvMkqY5vokRe408.jpg
371,1812,,/66cKKKF7Esvh7kKErILr56lXl43.jpg
372,1813,,/eSivb4EyOAyEum70mOSHtAWiUe3.jpg
373,1814,,/fRy8n9XVCXcq0TxiutfhvHEKAQd.jpg
374,1815,,/aXz5alyaP1VbLabDw7E5jSPYqpy.jpg
375,1816,,/c5arRQMNLQt4lShS6RRdSIOmy9W.jpg
376,1817,,/xIaUpPok8WFnr79EAvgtGsIaJzV.jpg
377,1818,,/tdVpsYocOpJLNhU7lDFY2yTMZcY.jpg
378,1819,,NULL
379,1824,,/vKKdsaq3OomDvFdpPpWVg0L6gB9.jpg
380,1825,,/rnAxGFrFaHemdjjFDQDtjOzV8z5.jpg
381,1826,,/auglSZrIixKh65WCcVmBjDA8aVv.jpg
382,1829,,/e5D3tTRVgoTGTmVt2yASZpHyVfc.jpg
383,1830,,/nwPUI9WlYtDmE5VO6eEFCfrNXWl.jpg
384,1831,,/9GzP7WODLwpwxl8WaVpziI68w2n.jpg
385,1832,,/c4z6u46AyH3dflgVJLXHbo3lx0U.jpg
386,1833,,/4KtXerHNKtCzVGahytBstctW69b.jpg
387,1834,,NULL
388,1835,,NULL
389,1836,,/8NpTq2to71J1Z5dc4eB1s6kZBwa.jpg
390,1837,,/bReVJs3tSsIOn6naXRwuhvdiDDu.jpg
391,1838,,/wyY8Q1jAfMDEcim6OAP1zNZQysj.jpg
392,1839,,null
393,1840,,/96ljQ9JXX7rqdOJfKBUSeSUa8eg.jpg
394,1841,,/nbfzLVIo4CvCTTifN7Vc5fEuEGh.jpg
395,1842,,/s03MGZIuGTclq4PxQ4zZUmdW51p.jpg
396,1843,,/oVjgiGLPm8V4WXyXLXZ1ne0HXFl.jpg
397,1844,,/6IKmjW52qeMXx8xXMdX6RRshmY0.jpg
398,1845,,/AiN3f2DNyHL6pPVDvGKSczx0pt0.jpg
399,1846,,/nFWq8iPs9Pjdod5Ch7Ucj5lHaVK.jpg
400,1847,,/oebPYg9XjHjsGzjWwrM8fuHkHOU.jpg
401,1848,,/uBq1UxaUHAicnMAkOIrt4WOBoiL.jpg
402,1849,,/7bOYh7WduqG3C0y3vWlg8sek34z.jpg
403,1850,,/i6jNmO6vynStAy23KUhOwetX6Bs.jpg
404,1851,,/bVaX9JRcL2QVDxEkBDHkmYrjvhn.jpg
405,1852,,/hYbKIxMGqm0YaxGBYW52NbkYNAx.jpg
406,1853,,/fAnL5RSnw4sNBck3idm4BKvJDXv.jpg
407,1854,,null
408,1855,,/bPXDbyUf3TtxoIS6Ad6BRosOTTL.jpg
409,1857,,/a6v1mtEnhwBLI9q9ACbAGmHy6bb.jpg
410,1858,,/bgSHbGEA1OM6qDs3Qba4VlSZsNG.jpg
411,1859,,/pOL6e9TR6sj7gPV9xiPThxVveZK.jpg
412,1860,,null
413,1861,,null
414,1862,,/pJtzlSvNODhq85MCLDxCkoqM1YI.jpg
415,1863,,/AqtLv8VnICHD3bAXBQitMrG3gBH.jpg
416,1864,,/4iC8WGLJRh2jgKZF2nHZ8YdGzP2.jpg
417,1865,,/jUkGuSC9Kt29rW3x6UiB9zyZr1M.jpg
418,1868,,/d4M37PlhB0Z21zxSoJfRguT8gmL.jpg
419,1870,,/mVaHzujwXAVnBiN2kJbQZ77W69r.jpg
420,1871,,/gQTEqpyBdZdWosLiYTRV1vsGQe6.jpg
421,1872,,/cmeSYbH43Ga5BYsrt61sCPcnq6t.jpg
422,1873,,/5CQgpLITPo33AEN1jULsyiHxSDJ.jpg
423,1874,,/bGWqSXOgzuVdMdbPz59nrARPWJe.jpg
424,1875,,/iM3riMqgcRfzbDppGz5R074Z2a9.jpg
425,1876,,/l3cZeHHBIRKNJmhtKYu9Zl0MRwB.jpg
426,1877,,/l0gAXGJXjzeZZzoYHl6IVLnMcsI.jpg
427,1878,,/u9ffgobMADj6GCafeImbov566j9.jpg
428,1879,,/uToKjd4JgBHsTJ3LwUnKPMT3UAz.jpg
429,1880,,/hVyeN1aFmqLsRK9VNElETYBDtnf.jpg
430,1881,,/g9nRpGQ9BxhFnAtP1gAw315QZO.jpg
431,1882,,/hZERsmBTJZzYIe65PRN8agy1HC4.jpg
432,1883,,/jDQ2iBJuiimvYqk9orA2YaigBmW.jpg
433,1884,,/nBj50ywoyBPHlXXIByIxzgjPWPZ.jpg
434,1885,,/5kKor5pZ3ov08CAstSyk7FGDKVN.jpg
435,1887,,/xOdzoe3tC8X1v7M2Z86sdfjpVrO.jpg
436,1888,,/4iaGyJk2OHx6ilNUyymuG61MnHR.jpg
437,1889,,/kxmc3ey8b5YbMlS7sIMBXYZ8Y9f.jpg
438,1890,,/r6eGT0NndQY6ulBpdJGL49ZTRqU.jpg
439,1891,,/6u1fYtxG5eqjhtCPDx04pJphQRW.jpg
440,1892,,/jx5p0aHlbPXqe3AH9G15NvmWaqQ.jpg
441,1893,,/n8V09dDc02KsSN6Q4hC2BX6hN8X.jpg
442,1894,,/2vcNFtrZXNwIcBgH5e2xXCmVR8t.jpg
443,1895,,/tgr5Pdy7ehZYBqBkN2K7Q02xgOb.jpg
444,1896,,/yHVHgyT5YfOHmDmgyL9R3Vc99pR.jpg
445,1898,,null
446,1899,,/ed61NJFIqpkId6thLvbeylDNYQ9.jpg
447,1900,,/9qPLd5hdXIlrAyknVWK38eZyUMo.jpg
448,1901,,/sYTw30QKeSKGxnexdZwkJZQlTOL.jpg
449,1902,,/vREkQPEO2M1WdtYfwPUTH2M4XQJ.jpg
450,1903,,/ujMy9P4VczTW9YSpAM31uqdOMpz.jpg
451,1904,,/rhqL5iuhfwtDnpwMYAY2iuNZbxo.jpg
452,1905,,/xvmJCvMg9ql7sEY3OZaiYfEfT2K.jpg
453,1906,,/1GhIUxIvWk000HD60bSqg2HO0B7.jpg
454,1907,,/4VgPflOJMxlqOYpAqXCm5J6BkYm.jpg
455,1908,,/eXEk7xVHb4b1FY8uKQT7LVyhB3J.jpg
456,1909,,/dT2ClihWvOcsZybgVR3PcQzaqff.jpg
457,1910,,/ppe2scZNV21vU0FbdWi11ZyhrcM.jpg
458,1911,,/ooR8S0O0ZgxK2OBnT1GWHrr9w92.jpg
459,1912,,/tZhTYAs3rE3fmtz4XtLCAWzuwZ9.jpg
460,1913,,/g7ylyJHOIZxEb0Lrse74TRoZn2Y.jpg
461,1914,,/bazpGqrG0ooz8v0FN4X8eqCBjEY.jpg
462,1915,,NULL
463,1917,,/9XOnqGpprHrqKFGnIrpkLYKdMuI.jpg
464,1918,,/k6LMFpoxm4OU1Moo0EcGgMHT9nj.jpg
465,1956,,/1lu054JL6OPG65N99MaYCdI6y8T.jpg
466,1957,,/la9F1MVu1nU4v61trp80dVcr5Ij.jpg
467,1958,,/38J3LBZT6e9xY5h043p4LhswSTk.jpg
468,1959,,/24CGT6BDh5TjaoxfUdeAg36NhBA.jpg
469,1961,,/sUMogIAJ23VsCyoSk4Rx0i78JcI.jpg
470,1962,,/j7BAUSM50Ht7d0DxbPnK9NhPIOd.jpg
471,1963,,/mnoFoGy8qnpSDQtQSVTjTR1jPVS.jpg
472,1964,,/hF7clkdles1U3EiozA1YAMcByCE.jpg
473,1965,,/3qVJPM6tYilp3x3ckSBb3l4NyzE.jpg
474,1966,,/cJrnmbsFm5cEt0pHZZ2a1ueH5aT.jpg
475,1967,,/8BSVXtlIXveRrOT1lADaycs3KJW.jpg
476,1968,,/e1rzqz7ehOk6uzu7Wkgu4q3L8CK.jpg
477,1969,,/6WnSdouYhXDowg9NrKY2fSV5o1W.jpg
478,1970,,/y05X9RL0FIcEwoVSTppCPcQwhvf.jpg
479,1975,,/lPN7FyCuPDHwoupcuPT72cRE8lY.jpg
480,1976,,/Ad4bPRXd3WO9r2gPXhDenUMTVId.jpg
481,1977,,/swFCNfNo6hgXygRJ7l1Y2aYKKky.jpg
482,1978,,/1W7RzrENooOXQVeYMlF8Vx3EpAk.jpg
483,1979,,/fXpziQgnBnB4bLgjKhjTbLQumE5.jpg
484,1980,,/iE9jcY4hRfmymN7i0BqmM7bzVes.jpg
485,1984,,/6DMod5ExRqWNh3G7udU3ZgmOvy2.jpg
486,1985,,/r7QOXMcuIqZUeIVXVc4BCZrd9ni.jpg
487,1986,,NULL
488,1987,,/djRDTKgtKFacrQlsBylMbVznAu0.jpg
489,1988,,/eFhsNdOjLk5sAEaEMcvRpnKc19c.jpg
490,1989,,/xjR7Gbu6Xw7EwLgxupJtnRBoP5i.jpg
491,1990,,/nsdBPOqXXCemg8WXjPzTccOPfl1.jpg
492,1991,,/nyQBcpxqS4im2akQlWG9Y1oeM2V.jpg
493,1992,,/7Yjzttt0VfPphSsUg8vFUO9WaEt.jpg
494,1993,,/hj4p0Q8Nzbo5eInmISqVROCVWzJ.jpg
495,1994,,/a2Fw81m2gbHtIYHY2QI52e0QkGx.jpg
496,1995,,/m6aodY7SrvlTRiUFkxClaNAIQT.jpg
497,1996,,/pkSnQzjjQ3Z9B2CJVSZCfL0Ea3s.jpg
498,1997,,/2hPS88Tel8UHkCMMbvB700wUzbr.jpg
499,1998,,/targniwNovnXelXAxuWpdC1NR0c.jpg
500,1999,,/3EXsqwGkl3q0O8BGQyUimYxA11k.jpg
501,2000,,NULL
502,2001,,/qtQ1QAYicU3F0icIunYcFhjJ5XE.jpg
503,2002,,/LFCUWTHJ26TFgkoVcndPLXv1MW.jpg
504,2003,,/3Paqxno3bGZMazRyFBkKmk5SM5L.jpg
505,2004,,/nVVBqPegOB6fp7fXOJ4JoQFCvsZ.jpg
506,2005,,/7wQxLtybiUbtC6tsJh9htFEmqq3.jpg
507,2006,,NULL
508,2007,,/d4Yq4Y4ieKLD8JzxSv1g8dZzcLN.jpg
509,2008,,/zAzI1wMRZzaBlc56DXJkjiv79Ut.jpg
510,2009,,NULL
511,2010,,/kY4jXoDp53PGkMUxfVSM8rhV26S.jpg
512,2011,,/dYvyF1RlNokAd1N7Nek0vDpYsV6.jpg
513,2012,,/oBvrWttJNeXjh1DQvF3MTfoXCbn.jpg
514,2013,,/j9xijFBmOSitYXAMnO9X9QXZogD.jpg
515,2014,,/5MUZvQBhHAdO5PqDFzlvWcpe4Qz.jpg
516,2015,,/oozg0YdOzAMM4B0QeskooiYjZi6.jpg
517,2016,,/kVXGxm7xEjz5cFEXqwWf1bjYOBE.jpg
518,2017,,/vGwbyQOGOG5WRKcemHREpdSviMO.jpg
519,2018,,/zaoZcfGwSm3tVBFnhX6JstB9BsK.jpg
520,2019,,/8NfHPur56XN4bJeFISkrCLLSSr6.jpg
521,2020,,/oVF3m29gJRI59VVtBTLiTsWU5cp.jpg
522,2021,,/vK6fm3T3FZxzYT4jDirKBp0SCSL.jpg
523,2022,,/l3hmNjhxmqjXrvGNMMmeOmsyX3r.jpg
524,2023,,/5BiWWo12FnSFTatD8dfMpoF7bVs.jpg
525,2024,,/tgXOraQmKatqrVs2KMgnNn6QpO.jpg
526,2025,,/3KT0qe59dHTjbm1IXQf06Ae7hPz.jpg
527,2026,,/simhaVNOea3uhRUM0gT8WdidEto.jpg
528,2028,,/oVlRVSZx5IpQCC6uymBYpP1fggB.jpg
529,2029,,/mtHaAnTl8qQCCQv6bvg0g2DzXwY.jpg
530,2030,,/mhd1AGuEf9q1t3zICeYfP4pqFTM.jpg
531,2031,,/e3uhz7lOiQLdeCKZLaCiA7fED9P.jpg
532,2032,,/bDz7Euh6hGCGCw1IEAsecNSHELb.jpg
533,2033,,/pwADoLVt7sO79V9HtTUKLNSPTEt.jpg
534,2034,,/sDT2biSB7wzBJdXq9o3ldr7VfvY.jpg
535,2035,,/cxnWoqP2fBKORq4e7tds9S0ARXu.jpg
536,2036,,/quYJDRl3ELqC4OGNXSKck4Tt08L.jpg
537,2037,,/eaq4JH64E3GhUoZVKT5amEqJwol.jpg
538,2038,,/ysYGHB5IbajHuIm11rh7ikxZ0V.jpg
539,2039,,/2OIxyH2zMPYBzaECdIlX81Qc398.jpg
540,2042,,/yiTmcM8vij79EBi8shF7S7ZxJ7f.jpg
541,2043,,/1ZjDmPKMUtout8hR77qmK1llgls.jpg
542,2044,,/wdo6HYviSRaCuc6giVfzgYDfiI0.jpg
543,2045,,/qQek3X5Yv0iLZqQ98KWIKtE3x4m.jpg
544,2046,,/mC66QbJk1PbUrVMu3kh14adLpQl.jpg
545,2047,,/WYRfzw7SCvfEupvbwxCl2WSzC8.jpg
546,2048,,NULL
547,2049,,/rwynTULJiwlGwgriBsTP1RgHUdt.jpg
548,2054,,/jYEKdpVvRV3KdyHMUVYyg0KTVSY.jpg
549,2055,,/qMxKzKHi4HfmBzHJB5NZtquLctn.jpg
550,2056,,/kjJg6eJa9I9flfHaJG67ecEv8YX.jpg
551,2057,,/i8FEQy5IWAqOzXm4uDHy2r3Swym.jpg
552,2058,,/ed6nD7h9sbojSWY2qrnDcSvDFko.jpg
553,2059,,/luMoc56LLMWUt60vUNNpwxrbTNt.jpg
554,2060,,/rgB92XsNaaOkYi9Lqndlkgg04YQ.jpg
555,2061,,/y5VaFhpfcXSAfcqJn7dOemicEEB.jpg
556,2062,,/y8y6Fv0k068OnHBZtu949A1t6pj.jpg
557,2064,,/9StV7DX4ZtRZGJs9VcVEPvxIKL6.jpg
558,2065,,/2aPeZzP9ICrC7T3VAuMnpqhzzGM.jpg
559,2067,,/eco5chujn3Mt7HnuMTUIuobPMoX.jpg
560,2069,,/rnXnZrKipVb8v4mS2Oo6Ga2O0fg.jpg
561,2070,,NULL
562,2071,,/q7AAPZtD1APYACKeMc1TEU0g0KT.jpg
563,2072,,/baHBWEjK9dP6cb1PgyxpCPlnu45.jpg
564,2074,,/pxxYa68L05ZR4vMwc6yB8KqXslo.jpg
565,2075,,/AcbyO79tP2USEIevs81s4KXTnfs.jpg
566,2076,,/hAhKEFLvt6XBEUZ65Rf7OznUHTb.jpg
567,2077,,/wCOfHDgYtiJ5LdZRMRtBop0NDpo.jpg
568,2078,,/xlYfHCvInyXJ4rYRBVA39jpZLQs.jpg
569,2079,,/6SWl47HgOico4G2aEUYrGuhBf3C.jpg
570,2080,,/kqO36IYvWbRKMPiUeiVZUFH06Rc.jpg
571,2082,,/9CPYBA1Fq5BdCmViSPyfPiBOcTH.jpg
572,2083,,/bmLj0AlXblOBlpRiAAnqpGrR8UI.jpg
573,2084,,/zqqL2HTiOwkZLpXBh5DyDHzaebz.jpg
574,2085,,/4c5YlG72lFWdvCNkTJphc4OGjBX.jpg
575,2086,,/3kYcyD9yAjdjimYlIiGPfdMVbZb.jpg
576,2087,,/aqASLZpqGK62bmUI1KLvvEIpKNk.jpg
577,2088,,/srNt0hu2phWzsVIDpVH0gRaqcLB.jpg
578,2089,,/eY3HnvueLKnZftKSjMcFzSzye40.jpg
579,2090,,/ab9quvBfPpdd21xoONkKhDtvpPz.jpg
580,2091,,/2dxF1kPJeuuNMhV4ausxyyTsU3r.jpg
581,2092,,/m9ODbw1mCxUWtff2Lyyb9J5ebFK.jpg
582,2093,,/7bM6UZ9voDC0blQdFnomL8VTnYw.jpg
583,2094,,/o1NuU0ExNiOt57mSN6WS6Zr1Hnd.jpg
584,2095,,/10UpxVpIuM4KKsVp1JsrYuH6gOv.jpg
585,2096,,/7LjzOOAbDWwZXFUFBBl7Pl8Jepv.jpg
586,2097,,/vr2hK8kAMWlymSrOGYin4qhQLAP.jpg
587,2098,,/9X3bitLpvzdjjZIpeQs9cvNAoVZ.jpg
588,2099,,/a6A3h6rAnQ4hTfZ80AQGZtGAVfj.jpg
589,2100,,/tfbZvbK3mVNcgsYwC0Npj96GRux.jpg
590,2101,,/q0cSWEdlFuhstRF5EzxJn0enhbh.jpg
591,2102,,/aSIStieJZsdOqzEfUSLOV67V8TJ.jpg
592,2103,,/8TTniVKEjUWs3DnAMEWMXP6V1ct.jpg
593,2104,,/aZblXulCCrJsbatuXJoT2bRxHDu.jpg
594,2105,,/k40WFAXMRekWEqsjURO3jiWob67.jpg
595,2106,,/mtJleJT93otDZUU9OhaH6kOZ1jO.jpg
596,2107,,/zYuSaKMM2Hls7erz0MNKh4cje25.jpg
597,2108,,/4ZejrrCpfoypR5lHoT3pq6yVldW.jpg
598,2109,,/jdfxpW5LF36sHsHjyH8CMBEG4TF.jpg
599,2110,,/wU9LGkxWv1zq5sB4e4RSQVSOWxX.jpg
600,2111,,/b6NhIKKS5qMM3ikTNIlQUIonDpp.jpg
601,2112,,/qQ1uvRviTWpc1xrDjt8IOlb6rib.jpg
602,2114,,/ixu5L3L55wJPVUGAfwdE4qVwWbi.jpg
603,2115,,/qx9oxvDaAFEB6Q3MKsFyjLY6247.jpg
604,2116,,/3k3YJByOHT7z8DQa43yj6P5LFHI.jpg
605,2117,,/ot9nNB0clEOFgY5tvl1wAAuraFW.jpg
606,2118,,/rIXzJCAvyd3Ci8ipylDQ5wUKqwh.jpg
607,2119,,/jNw4mKvTW3lSDOv9Ruiph6EQqXj.jpg
608,2120,,/qjZMwAymWqm2y9ZBjSJFuBPk9Ze.jpg
609,2122,,/pc2xIaRjmOxBiVqluPISzHRTKSr.jpg
610,2123,,NULL
611,2124,,/qvNWTJ8m65DDGr8olt1o39OQVkH.jpg
612,2125,,/bNR4bZJcltZmrjeZ4383yEwTHQy.jpg
613,2126,,NULL
614,2131,,/zVoCFg1Ecf1XoWKzAw8DRpbKJXd.jpg
615,2132,,/1BwBTZq6IKBPcsxezV3TRBxbRW3.jpg
616,2133,,/uARMPDyjiENKyUz7JRmQmLCH8L5.jpg
617,2134,,/cjmluKjmaqLfZmwMEwjki6tvLnS.jpg
618,2135,,/elWjfgdsKQbk5E02npdy5Q0Ziee.jpg
619,2136,,/mO5zXj5tZbmOqD827y8v37cpSjc.jpg
620,2137,,/oGG756NmDMF54G62a4fuVoOFobe.jpg
621,2138,,null
622,2139,,/vjx67zOrHE5pS6r5BDFajhDwaGX.jpg
623,2140,,/eOBwDUiDLmz1BX8PQL5U1tQloRB.jpg
624,2141,,/9RZ4LZYOqtTQWoP7a1jUgXi752e.jpg
625,2142,,/th2UDVewgUAfIXFUaWGWWBxCM91.jpg
626,2143,,/rgRwEM58034IJrAicHDs1hGKlDA.jpg
627,2144,,/noW8q27mL4T0wKrVZ2MCAIvUKy3.jpg
628,2145,,/qWGxOL7V96KZukXKAQPb8uO8lRw.jpg
629,2147,,null
630,2148,,/q8Y86MbAgriwG9OZiomKCOTxrUM.jpg
631,2149,,/31M7UUTMo5PjCnvcfbtWjokJXMZ.jpg
632,2151,,/jcqTrZeavegTbY5TmlAUagEfZWi.jpg
633,2152,,/w4aBkL4WFqSFt6BUGeoibK0Vv5N.jpg
634,2153,,/aAesCfAG33Mv37eiPLlce3X5VMi.jpg
635,2154,,/bVgWtEnmgQXEZrHqhEoE0uy3c7C.jpg
636,2155,,/rK1P7za5gHvCqjrOVcsUTSlaSNq.jpg
637,2156,,/pdJ5M2emJ29ZfyV862noHkmcJ3l.jpg
638,2157,,/kkBDPkUnYwAkWbYY2bnyf5ANObA.jpg
639,2160,,/1eYTrkhZ8JRBBpepmvUUQeajhXO.jpg
640,2161,,/hZRYghurxiVXzkSe0JLtfIaOwM0.jpg
641,2162,,/Teyo0W5euwLChQvFT0NQDfbvcQ.jpg
642,2163,,/uj5VmM4jrn3HHeuFfEH8XQizA2g.jpg
643,2164,,/39WsfbB5BshvdbPAYRFXdsjC481.jpg
644,2165,,/2Aiq4oberpDtIVEocSldNAlVQcJ.jpg
645,2166,,/2JU461VrEjmYaqiEVRz0Mla5Ih9.jpg
646,2168,,/zNBjKJrbrhImgchpV9yPwOImgeR.jpg
647,2169,,/iuohmuSGN8otkaOQDUBklrYCMET.jpg
648,2170,,null
649,2171,,/2fu0uOi3h0lcXbjDfea9hzedKTq.jpg
650,2172,,/hkzWL3bXX3V4dX3Fv1hq7kNfUsO.jpg
651,2173,,/qPPVre20BTuyNHZhPp2PP9CllPK.jpg
652,2175,,null
653,2176,,/pZNdq3a49iJibUIExhe3TXqHoDu.jpg
654,2177,,/lxsmbv3oUpiVzEF23xg0zJLpbXl.jpg
655,2178,,/ffSHkv2sYfeLOmbVDfpnSdvyIvf.jpg
656,2179,,/gQThU8AftVJEBug4ToHUbQ3Lg7M.jpg
657,2180,,/4Lvo8hJpYA5PL3JJHNYNYdmj5Fu.jpg
658,2181,,/ljAUR7FBQjyGhpvImx201bp1JZw.jpg
659,2182,,/3vohBv1acbgscmf0lODu5AbCKF2.jpg
660,2183,,null
661,2184,,null
662,2185,,/geefvrEp3AQ1UYQ57c0hRairRfj.jpg
663,2186,,/qdkZv0hKs2JKUDq4gYrWJOLybwA.jpg
664,2187,,null
665,2188,,/m72RuQoCQWrezLuA6UgZJSp5DTU.jpg
666,2189,,/ewcYC5IdvXLySpsLMBuABLGJpWK.jpg
667,2191,,/k1fe6jpzfGwrwEPqQzkUnxJMG5B.jpg
668,2192,,NULL
669,2193,,/2b7rg7olnmtSBta2TV4rQdBZQXu.jpg
670,2194,,/xAVgKttjQOHw0MzLQcTByYxKtXk.jpg
671,2195,,/8llSwSgSA7V0hJBqsraqEsn3QXF.jpg
672,2196,,/zV4kwbDckeTMoIsbSt1lsTIZ2in.jpg
673,2197,,/rmuUNI40NxYRNbFNOKuQBuzvocZ.jpg
674,2198,,NULL
675,2199,,/yGTtiJ5hEbCoUQRVftcyX3IHGIc.jpg
676,2200,,/iJZJAxxUtQiHKwBzAgl2vKKvnMC.jpg
677,2202,,/56kDCzHX8nkWZ4hzBb7P6Uh15VH.jpg
678,2203,,null
679,2204,,/xvJqeIQVlME28oVHDcsHEELGWgw.jpg
680,2205,,/4POEcjnVCyKg8Z6mTTH2rCZVFIA.jpg
681,2206,,/j4KzbVpOAIaG1mkwURWDLdWcAvM.jpg
682,2207,,/wpKBLDjNRddmH6N32ni4bASogt8.jpg
683,2209,,/4RaVTIupK8CEcccC0biK6XvXkIf.jpg
684,2210,,/vjBfREN3yWoUINU0fHrdXjNxcCU.jpg
685,2211,,/kYLQLevqtmjZ8tfVhelx32p08h4.jpg
686,2212,,/1PkDNwoOJxLQViAEuOb6pj2S5r0.jpg
687,2213,,/kvyDZ7WxP2zFkDDCY3JXxvGlN8G.jpg
688,2214,,/xdRt2852Thpp85I1Yqa01zf8vzu.jpg
689,2215,,/oYSv88W4v9UvEBHs4WNgreBcHG1.jpg
690,2216,,/3cvZAUVP0gjP0p54TOVXQ50fEyZ.jpg
691,2217,,/l15e1RivJtAmPJB5HL7dTciJcbH.jpg
692,2218,,/28RHGimyH1Oq0dhi4dxLrX9ZFnv.jpg
693,2219,,/sipHdNtiVzTaTdMDYYi3ijivjM3.jpg
694,2220,,/2w7VQwyMVnLOo1dNoJljTgFZDQ9.jpg
695,2221,,null
696,2222,,null
697,2223,,null
698,2225,,/basYXlRvtjlFpoucVTKjdVKUVMm.jpg
699,2226,,/y00We7OI1M3TKh86te6C32e0vRT.jpg
700,2227,,/vbVj7raw9HKfsGRLuzVjWvyaNr3.jpg
701,2228,,/815S45vOqT89tVpGdqlEcRDmSji.jpg
702,2229,,/lJLdLu5TKp9uiqww85hIwDuV2jS.jpg
703,2231,,/Q11Q86voTG6X4DtHmGPszo1hp1.jpg
704,2232,,/oGRzrmYgt5x2iQucxteGXcDLipP.jpg
705,2233,,/i8QbONfGIrB8Cc2kII1S0HAHfS3.jpg
706,2234,,null
707,2235,,NULL
708,2236,,null
709,2237,,/kDbzy8eOHDRN6q1Cusqwcn5ldCz.jpg
710,2238,,null
711,2239,,/yzUC2fvpz1dAwdzseSXMlWGNm8e.jpg
712,2240,,/aYgYtW0iGZvhjX6y5f0eOGzK2DO.jpg
713,2241,,/v8jCLueJajtlxtblC6LkLfoP3ET.jpg
714,2242,,null
715,2244,,null
716,2245,,null
717,2246,,/dlTWhgLHdEgSmCa8nEFgN7Hfu05.jpg
718,2247,,/nfzMdBQl81bCAZmB4a1nLedoOm8.jpg
719,2249,,/xEbEH379MxnwiYZwxHx6KCMPwxF.jpg
720,2250,,/q18hfLrpfK5IDmfAScuL2lKjosh.jpg
721,2251,,/ztenZXLECkDXTXN6KEugPVvMTIl.jpg
722,2252,,/uQduBOXqpC4XG8qK2pMcqz1OnQY.jpg
723,2253,,/ewxjB0ijJsGiXpyVgNP6BeCdKRK.jpg
724,2254,,null
725,2255,,/4vFJileWrCGaBeobCmF0tXpQCUb.jpg
726,2257,,null
727,2258,,/r41D0h3SUKd8CqESA2CFHGmHJy3.jpg
728,2259,,/zcm1tp34jNFbTltJhlr7bsvIvmh.jpg
729,2260,,/9LsmDoeNO8QfkkPHA9lWRAXMeXD.jpg
730,2261,,/1AIpkJ71cNb0soBWdTUWaK3OLFj.jpg
731,2262,,/6LAc7JNep7hC4CJ7p1U0oNsBnm4.jpg
732,2263,,/k4t8cE0HwuYLNaKZBdkFHB0b3Y2.jpg
733,2264,,/8FaNvFK822EOItlDNV3UEZOtA5F.jpg
734,2265,,/gGkpSrhlb2t3EUhGieWO5NfbyJ7.jpg
735,2266,,NULL
736,2267,,/Gqdd45hvij3e9p6wQMHS82q8mE.jpg
737,2268,,/mOF2xK2xDgbpOCPgXreM4vfw9dC.jpg
738,2269,,/9TBOWJUa4igq9FkDWhZRK72K4vQ.jpg
739,2270,,/A9gXvPOnMu961E36x5p3RT4FQ5E.jpg
740,2274,,/wmPHQxchlpuRAFG94NWMtCZF65k.jpg
741,2275,,/4fc4mB9tGgYV4mdJrWPLMfcRvnC.jpg
742,2277,,/pt57Kwkd2g2xdYFZKx3yCoz9Xim.jpg
743,2280,,/cCglgzP9hXrqPqUMGNzISZrK338.jpg
744,2282,,/xi3wE0k8Xg1EL4AVVkuT8hRMLV5.jpg
745,2284,,/75m4IBZE6gUrltcDgTSBTFg68QT.jpg
746,2285,,/e7UlyH4bza9fT7nptDXeXdeASLr.jpg
747,2286,,/oKWSOTW9kmKx9UybuNkKV5JeXtY.jpg
748,2287,,/cMbgHEmJSSuBsiXgSvaS2489JZe.jpg
749,2288,,/jZINusxU1VUKae1s6j39jeFrnJt.jpg
750,2289,,/9MYfag0sPAaJUq3Lc0rXxhQHLA5.jpg
751,2290,,/e0NArutPBCVBWCJlIS4IWSqP0Pp.jpg
752,2291,,/2Byg7AV91LF7pfByz4ZMvnkZnH7.jpg
753,2292,,/dmNytzvQTjylI83qrgDoS1KQ0ev.jpg
754,2293,,/4saVIltqkhq9is5NmD7N87Q40M.jpg
755,2294,,/8xI9g6su8aKwg3Nk5qUnS025NyA.jpg
756,2295,,/luPEGTlN8egktVeomdf2nEap5SP.jpg
757,2296,,null
758,2297,,/ttfVcy8PAnRCZFUXdPStDI2gF5r.jpg
759,2298,,null
760,2299,,/tiX1fiDJFEPp8PmKIwlMiANCZiC.jpg
761,2300,,/bJhVLribUKCrKv1h1WFqv4QmRWM.jpg
762,2301,,null
763,2302,,/eG8f40D3SvoLUpAub2FDZ8ygngB.jpg
764,2303,,/5atznUhguK7xd7WRJx3YOxXkYlZ.jpg
765,2304,,/gOpEJY3sja8CyzVdsJJU1pSCKtj.jpg
766,2306,,/kSEdENFwUxxTVEI6JoP83ZRfVpp.jpg
767,2307,,/leJcOavVPUrYodUJteBOl7pRFuU.jpg
768,2309,,/3yIVMwPDrWLeZ8fJ5HLbGWnCz9f.jpg
769,2310,,/j90lLkvlcPNL6VVoLGQ0yzPUfJV.jpg
770,2311,,null
771,2312,,/bV18YaqIQh0aeOWnfkOvD0iqfUJ.jpg
772,2313,,/dQxtI83slU5fAq6WZjEmIDAtYvM.jpg
773,2314,,/sC4xVU6QM5QLEtlUqDIImE5vtuE.jpg
774,2316,,/8cYyIEqIwM5gqXsbsrFtHcvxrTV.jpg
775,2318,,/6VXgLRZ9s4QinW8qvSyi7JSEbGv.jpg
776,2319,,/eOAQWRocI6Hiv8fSJhW5yXbqwK2.jpg
777,2320,,/wmgkFuEr8bHRAgs1HS5U46Rzo0I.jpg
778,2321,,/wQAJv7qukZSd7grUWmXf6vt4OXC.jpg
779,2322,,/pAGKtPF8nMiJq4lsINOYJWvMS2D.jpg
780,2323,,/ps5B8ZNSFvqLczD5e4Yh3whV66B.jpg
781,2324,,/bGMuv4pejg5Sov7UPdrmAdDVFHV.jpg
782,2325,,/aQGSp6sdpje81OVxUa1gKspdtuo.jpg
783,2330,,/13vrEB6T3DuDz26rWAUfHZV0eSm.jpg
784,2331,,/7Y5SqjGJyVK6pFam8lDVYHlrURg.jpg
785,2332,,/bsbllNS0oeKoxKJB0mAKnaeUjkE.jpg
786,2333,,/3WXcrhrKNhk0GJ32uVVLYMFoK1n.jpg
787,2334,,/yPOg9szzJQpmX4bCP0xaKlo06z5.jpg
788,2335,,/2LAR3nFYjozHQiFJYKRjT4OAeK7.jpg
789,2336,,/bbEKmlVfiQ3Gym7M0IC86zPuYSk.jpg
790,2337,,/cfUCu3YEyPUOYdhXIJTQx2Ify9x.jpg
791,2346,,/217PNqDx2pp3JnRBu6AqklatxA3.jpg
792,2348,,/KfW6uMdrNapeQwW7T1eCRlCWiV.jpg
793,2349,,/w0WaSJVQzS9rXC439mbAnxlVoUf.jpg
794,2355,,/eF2y5Sqjz9M3IF06va6GxAq7UGU.jpg
795,2357,,/zBKOY3fJNQZ88VNM7oLz1l7aBZF.jpg
796,2358,,/vlD3EvvuviVGGd5SFpX5xWNim1O.jpg
797,2359,,/tAEhAVqnleu3wEC2LuXvWzRvsEG.jpg
798,2360,,/lxQH3GuD39uskpbYWWdcUzyhETJ.jpg
799,2361,,/jJbNy2A2LeGLpX1ZKbv6GDpFK5q.jpg
800,2362,,/cOJsaT8jEmG9s1MziVIPpHBRpQ7.jpg
801,2363,,/x0LemIPNoAcKtktc57cBHcGgdlZ.jpg
802,2370,,/rkoa4UNMlNyb9xBv8vAXaQCEJkV.jpg
803,2371,,/9ikVcQXrZ8yhzZL0OPzx1UEOEm9.jpg
804,2373,,/dZp2V7CIBRuQdUFaLzGt5Ehd4wa.jpg
805,2374,,null
806,2375,,null
807,2376,,/tGUgcDL8Dq9ynMUQp33TSqf1oti.jpg
808,2377,,/iBEKglz3fAaNy3UaQrNi2bGzvFS.jpg
809,2378,,/yCKOpEMy225wMBaJ1aDF9zX7fM7.jpg
810,2379,,null
811,2380,,/chplEI4BElRBKckRis5QegdRCL4.jpg
812,2381,,null
813,2382,,/2M7AXyMmHTj3OsinxxhVcbgMCNs.jpg
814,2383,,/nNb30bjrZACnnQ3kAriHoVhNr59.jpg
815,2385,,/5R8qRm2zSgRs21EYZ7qTQxnAbLo.jpg
816,2386,,/62Gy7KXCCTYHS8MP7oFD8ExOl26.jpg
817,2387,,/5s0RMbuug7QqxO4MgRVphnEndFl.jpg
818,2388,,null
819,2389,,null
820,2390,,null
821,2391,,/lWgXWTNFVUkIab3U0EahTsCKs16.jpg
822,2392,,/igDVVhX46p3bdU23yyg8nuWQz3I.jpg
823,2393,,/ePI3HnEzphe6RiDdRfP391i4aHS.jpg
824,2394,,/et8aWuUHPWV7oREyRyQd3n8kWjs.jpg
825,2395,,/tKL0RJOeuccc1rrpcDKg8qhedIz.jpg
826,2397,,/zU9hKyOjiR8NUpXztYVFLEFW0OO.jpg
827,2398,,null
828,2399,,null
829,2400,,/9Fqk4q4CiB6TOCHra0K4rCDiPUK.jpg
830,2401,,null
831,2402,,/4i5q1CQAeTFIHcGxAdovTZNahLc.jpg
832,2405,,/xZmOJIHDLe46HMdyXbXE6sVogAK.jpg
833,2410,,/6AHjhPrKjrLl6IWu98vowNnpXAC.jpg
834,2411,,/7eUfF8Vhea7kXgXphloM7FlH1r6.jpg
835,2412,,null
836,2413,,/9DiMYZfmEH9yIPMutpktn5LzTm0.jpg
837,2414,,null
838,2415,,null
839,2416,,null
840,2417,,null
841,2428,,/t9fuja3D9miQU9lXJlmvlINn5kZ.jpg
842,2429,,/dHdlkGsz5IaRPTkOEQD8Z6FMoob.jpg
843,2430,,/sHwjAn4gnovVn75gnmSDhM9Rh8o.jpg
844,2431,,null
845,2433,,/ylkO72wPas7bJ7dvPlBPV2wlhjS.jpg
846,2434,,null
847,2435,,/hkxD0cfPEmgWS4RByHrKQfbA71A.jpg
848,2436,,/yv21myb4k32qUhuEmuCg1uYiOOC.jpg
849,2437,,/tzhqVUIFrRm824cAjmU7KK8OR7t.jpg
850,2438,,/aXagcJwPLDnNp9GU7VgDNA0FMyE.jpg
851,2440,,/iTB01AX6We1h8CAJql55dUyvSWq.jpg
852,2441,,/emCCvX5wc7C6sszY95sS2q0SkIn.jpg
853,2442,,/wCLOI343p8kCWFnBWIVKQdXMxmy.jpg
854,2443,,/1nAQZjoUNLrfMCCNL9i5PjZoIfV.jpg
855,2444,,/fc2S2ZakzdShZgkyMrUbFtHSBbX.jpg
856,2447,,/ww7dGoQimsaFtX9Z0ZlbnxZ6ueM.jpg
857,2448,,null
858,2449,,null
859,2452,,null
860,2453,,/u2wmXRegggH2o2AtRm0HXKtJqHY.jpg
861,2454,,/mEHd5n927ifJEODgbtC09Faqwcg.jpg
862,2455,,/wZSSEugyfJkYohiMHlYCPxjHPHY.jpg
863,2456,,null
864,2457,,/uLc8vBdJkuvceSTbcmsW9jwdp8Q.jpg
865,2459,,/65k7AoUdNr7WePM3Y6L3vJonLV3.jpg
866,2460,,/6hnIOGziWKCWNlbRkQhnz4vpyec.jpg
867,2462,,/mp1ua0k9jpXQh8VfLuWvwYrkh3L.jpg
868,2463,,/1DoZOHrAtZhoLYIg27DncmcWsTS.jpg
869,2464,,/3yg8dUFExo0vnZFbqVwmvaDIHgM.jpg
870,2469,,/t8oYWntv459ZWnQhEOc9oQKW6pA.jpg
871,2470,,/rbbLHEalXSLU3xwqvsftn5rol3S.jpg
872,2486,,/uullYtxDCtyNGsLubAYzbXxSlW3.jpg
873,2487,,/8Xotz4QPphcfPOA2v4n9CemDAYB.jpg
874,2493,,/gpxjoE0yvRwIhFEJgNArtKtaN7S.jpg
875,2501,,/bXQIL36VQdzJ69lcjQR1WQzJqQR.jpg
876,2502,,/6a74OaZArLNNDHK9SdiLBUu2JYj.jpg
877,2503,,/fHho6JYYY0nRcETWSoeI19iZsNF.jpg
878,2516,,/jN60zeGeZsmqGVMSLFd1IH0IkdN.jpg
879,2517,,/4szFBsGWyRUCxvN0kwxX9aBqywg.jpg
880,2518,,/jX9mbarsU4XG0f7C51FSWy7GBUE.jpg
881,2525,,/5Lp3sMtwMxcc2Azm4DDVyxWpHvr.jpg
882,2526,,/xLIK4hy3kCmQ5MAaoT7RcbbhL8o.jpg
883,2527,,/mN94b6pHiTQrztGvYZEORCiB8En.jpg
884,2528,,/smjD2r5itvDXmgQkKsMfm0a7CFm.jpg
885,2536,,/1f7qYXmSRGHPFxg9kaBTubIoAEm.jpg
886,2537,,/25d1EE5T5xC4eR1UTq9lrRPlUpK.jpg
887,2538,,NULL
888,2539,,/eXsj4d6kP5z1n9Pkk7rosX2TF9w.jpg
889,2546,,/7mlqkmLAPQq5cu6FknL7GPJpnGy.jpg
890,2565,,/6VVYtZ7NzYB4jN4qhb668b5Vva3.jpg
891,2566,,/bhtJ7Ea2ea8iDruoH0ECiw4Kq2R.jpg
892,2567,,/3MKBQgIHI5DPVNvryiTesskS5mf.jpg
893,2574,,/9fOUUpZccHFw9jZNn6sJI2jlYzY.jpg
894,2575,,/crJTnaCvzw3gCCqNSzEK6yerzJU.jpg
895,2576,,/eZG6SvGTifA7Ac6IstqKAVwQkeT.jpg
896,2577,,/lOEo7iG0FV6mxpvl8IQoSvsGSC3.jpg
897,2587,,NULL
898,2588,,/8A7VYEptvcdVvLIgckSoFlcQjf3.jpg
899,2593,,/zLo1Xw6CmxLidBRXLQWKazSUAzp.jpg
900,2594,,/n2dSoSl0IE6LxaZEmNYVqwl0d4T.jpg
901,2604,,/iAUSzQNpxf9fX1EvhNbeguo6aVA.jpg
902,2605,,/7HGVea7ful5Hvm7yngAQhIXubJv.jpg
903,2608,,/AaYv2HVNujmYZ8fGmpgyjP6iHfe.jpg
904,2609,,NULL
905,2610,,/o8cHf3J34IMJtg6XdX9wSkjvw39.jpg
906,2611,,/z0MHZY081zXVkgChqwxu2tVkN3t.jpg
907,2612,,/lralkijxLG6yG3GP2STbJAvFABL.jpg
908,2613,,/8W1Tr3Ae1nujobMZRId3US3xaqW.jpg
909,2614,,/krRl7QKdIYsVUPYmOwElA1sqQE7.jpg
910,2616,,/kO8JMofYBEnawCTRjsrmqmcNSEr.jpg
911,2617,,/eSruS487kYsjr7k3QJayktlIYyp.jpg
912,2619,,/nP4O0DUMvqlxvptcjOHdyzK0T2Y.jpg
913,2620,,/5pO6QI7zKYDbic1ULYQkZ7VLV18.jpg
914,2621,,/3HvUbZLA9laGje1IFq4Lvj5mqWZ.jpg
915,2623,,/1fveHeEaOpGW91ZM4ViT0Jviuak.jpg
916,2625,,/yeSnOxbdYqHexjZMG91Ep4MAbr8.jpg
917,2636,,/flK0OtdFRvfbs5BixEqU327H8ZB.jpg
918,2637,,/746O4Rn8TKRp2UZoenD4dgwmKMj.jpg
919,2639,,/krKRthefSZlUjnzDvN4isqty0R7.jpg
920,2640,,/38DHopfWHrWqYjphcBeAxOomled.jpg
921,2641,,/qPjcKO4vtULtpHpVsJeEVwsxhfX.jpg
922,2642,,/oJhoI85vBdFRSMEgnYNCcrNDocJ.jpg
923,2644,,/uCEoQLSwx68RiTx32rduUwELkGD.jpg
924,2645,,/mI2JxThbe4zwgBZQtR62MVXku0u.jpg
925,2646,,/mbGOwf0mXOkQUJDChfTNbnlIS5.jpg
926,2647,,/phfuUSf14DIxPVmGZ5ByCNLQgCZ.jpg
927,2648,,/492q0Zdn43zCkTfdOZwOzSCj79n.jpg
928,2649,,/reLfX4fIasqLXCdgZ7vnnYWYhe3.jpg
929,2652,,/1xInhmQVOOVS7xFT5DthpIwUTDI.jpg
930,2654,,/8a0p1M0Im4H9hTfIX6Fj655LMg4.jpg
931,2655,,/A1mrfm8LEv7L28q50ld8QI5z9Iu.jpg
932,2657,,/x8MtiTDDhmQBRKRw06d7o05Nss7.jpg
933,2698,,/mtIjd19s4eOSkUm9P9iDVY35TsQ.jpg
934,2699,,/AosgVsKPbLctVQ8hd8shEj7LJrZ.jpg
935,2700,,/1U1vNItYr8HjIvpHxbtQsApY4Y3.jpg
936,2701,,/6uNKlV6xKBD8IrOr1nY3yelTeAj.jpg
937,2702,,/unxBztjmfUMG14XDLqnDktmS1LQ.jpg
938,2703,,/4SBanQR3t3jcoAUMpo2KvCqWtk8.jpg
939,2707,,/wsfgZNRvViT6wcI4Nw9J8yw17xC.jpg
940,2712,,/gvgOSER6tDlEELShxiDFRqzxRG3.jpg
941,2718,,null
942,2719,,/4g6KNca4LvCZNtWjuLBUcxmNRFl.jpg
943,2721,,/nbN1WTcFvQvSUZuSgkvFrZVdsBO.jpg
944,2722,,/3Sp64LPk9CYwjlFfLjWV64x5Jhq.jpg
945,2728,,/pBTuPIcMxAWuh6ZEIFU8vBFXZp.jpg
946,2731,,/kR2yxgnO9pTnUxoZNTvFTCTETPh.jpg
947,2732,,/xmIsllXaQPAyJtErpS5z6mViYNq.jpg
948,2734,,/yiptujNoLZLwTOOzD3hqChvXhvT.jpg
949,2735,,null
950,2740,,/kgrW4vTlvcTki8oqSbrYVOswuxX.jpg
951,2742,,/1gAJW7b3yCZasSuzhEBLVlJXA1C.jpg
952,2747,,NULL
953,2748,,/sVDjxmAuVfydv3UC3kg8n1nCP6A.jpg
954,2749,,/qqqleHV8y7NLKt7isSZAvOwVPH6.jpg
955,2750,,/2DJ3tP4yKYFodXXqVeLJVjE2Ssw.jpg
956,2751,,/1lKU6iK3boJsfKgFQKqSElieq7d.jpg
957,2752,,/bIyZfvT4kwfR6pus69kpbQKIokJ.jpg
958,2753,,/c3KrxFO8g9cM1kr1fKHXu5dhbLd.jpg
959,2754,,/zsXNdIoSRtkylveLmMt3YTuqxu5.jpg
960,2755,,/riJV5Bq0IXItG3ceywNWkw7il7K.jpg
961,2756,,/kRP5dGXDhKt7bDpXX4YBa4dRwlL.jpg
962,2757,,/5trb1V5f3IsjpZx2GiuUylowl3W.jpg
963,2758,,/zEwEXGDvJ8Ou2s6XbLMPvMTX53S.jpg
964,2759,,NULL
965,2760,,/feCIblDiTU1L2uWTi3rtYw6Nzyz.jpg
966,2761,,/i1LsfCAuZWZsI5S5ewvQ3RCrXOc.jpg
967,2762,,/oh8OCj1FHqARGVmp4B8T471p6Xh.jpg
968,2764,,/cVK6Uo4sZAmiLuNOBEDzu6whi8d.jpg
969,2767,,/dGp70VfY87zG42WNTGp9SvYtnKx.jpg
970,2768,,/kwbOIABYZjLwd8UViMvkw40l2rr.jpg
971,2769,,/A71AXLqndeY4Ld7GWYyUpdCsJ6s.jpg
972,2770,,/q4LNgUnRfltxzp3gf1MAGiK5LhV.jpg
973,2771,,/qIJHt9PO13mAuFnHgrJUAq5p8Bf.jpg
974,2772,,null
975,2773,,null
976,2774,,null
977,2775,,null
978,2776,,null
979,2777,,/q7XdXcrMU6M0zCbSRwjwwgJAApm.jpg
980,2778,,/w7H47l6scZ0JWxfD3CNxpZrb7SV.jpg
981,2779,,/xm8QdqSzacV6eVLu6NOjGTd38di.jpg
982,2784,,null
983,2786,,/tUE1rWD7Uga2U7CSM0P4mBJnHac.jpg
984,2787,,/u6oDHb3z0uZNQHNdJwHJAW1jD4q.jpg
985,2788,,/gbi7dmxPNVqJQpKnHOpZ9dmeWAO.jpg
986,2789,,/aEMZmAz0bGfOww4zbjja3ZDR7iG.jpg
987,2790,,/AlSSPZt0Ts9wSeoR1kkUVQUgd7s.jpg
988,2791,,/ewqSDOOyjyODmyuVuxHmKGYKZR9.jpg
989,2807,,null
990,2813,,/scZTst5JSj5Oo4xx3t9v5FQGVL1.jpg
991,2814,,/gQeX2Nk2WIqT53ons2Dtv1k3QaG.jpg
992,2815,,null
993,2817,,/iFmfKTRUlCe82dNbfgUQgSHK1if.jpg
994,2819,,null
995,2820,,/ePXffnho39kcZA0N5on4FBoPS3w.jpg
996,2821,,null
997,2823,,null
998,2824,,null
999,2826,,null
1000,2830,,/du7joY11DJZeXXph7FwkJ3uo7om.jpg
1001,2832,,/xSNSp2wmCUwFavxdkMF417hBc39.jpg
1002,2837,,/n9L6wovZsmanFcidnejoZemjBox.jpg
1003,2840,,/hFwzaSJy1r1XWHU2cEgjayEa1YC.jpg
1004,2841,,/jtE7Xrj8KKnhGI3p2yCgwrtUCnd.jpg
1005,2844,,/TTueyqZr5KiL0JoOTHNr9oB44V.jpg
1006,2845,,/81rlt5pj3rHsDwulgq0Lu7Nun28.jpg
1007,2846,,null
1008,2847,,null
1009,2848,,null
1010,2849,,null
1011,2850,,null
1012,2851,,null
1013,2852,,null
1014,2854,,null
1015,2855,,/oruhpfF26QKNNRG7Ur12oYmFLez.jpg
1016,2856,,null
1017,2857,,null
1018,2858,,null
1019,2859,,/w3gGD9LrinEKYwMXhVnssE9WDqc.jpg
1020,2860,,/nih4uL369ATVTYr8LTHopuHYchq.jpg
1021,2861,,/c9YqifOPRSdSPapWVwRZipwORz7.jpg
1022,2863,,/oBeAqTr9cpxQBFs6dRdURmlCQAc.jpg
1023,2882,,NULL
1024,2887,,/cpOtoT57nSeVA0FrbvnicEuJqPs.jpg
1025,2890,,NULL
1026,2891,,/kD0RtdwiNETK1yFVZYCwDxBA60B.jpg
1027,2892,,/aCvCn3PIdnEAPpHreswg2YXhrEI.jpg
1028,2893,,/eeaKJVgMdJv8PTHPO9B0DGH4PUV.jpg
1029,2894,,/uUL4jwje3kpekDfeAZYtAxdcXrU.jpg
1030,2895,,/9TENkQeln0bdLnlO1VdoCd5HCSi.jpg
1031,2896,,/bY0eJTJZXWY68GFgpZJLbk6C1Ho.jpg
1032,2897,,/2vLu9eVefJ6WK3OJnlLQQE4lSw5.jpg
1033,2898,,/q2645aW8vgg1g7RL5lil6K93yaA.jpg
1034,2899,,/qWy5b64SoBXcMDdfgLyLZgIHSdv.jpg
1035,2900,,/2zm3a3453aWN078Qd6nIQngbEkM.jpg
1036,2901,,/mciuAt2fu3yfUsnOPKZHXtEg0v7.jpg
1037,2903,,/hZFnOAlGWNJTQ6v35a6SwaR9squ.jpg
1038,2904,,null
1039,2905,,null
1040,2906,,null
1041,2907,,/ajiQj0jbacMAmPxDU3fP9TeIfTi.jpg
1042,2908,,/1xebnC3IMVNRCfI5ZOn6lqh0xO.jpg
1043,2909,,/jvphRhQuotA52HYVDFrNLhQs2eQ.jpg
1044,2911,,/gPdQSFgllfBJ7b7RMKSlBuZIGZt.jpg
1045,2912,,/8yVgLdLOJNQLcvkp5PuWHMLP60G.jpg
1046,2914,,/oN5pJ4Ky6Djy8ArcOL4ISH2cFEa.jpg
1047,2922,,/4fb67gs3lAD448jhZwIB4Q86ZRL.jpg
1048,2923,,/owKZAo5QxyulBwMvHqKn4a2abNc.jpg
1049,2924,,/3E2puQrspfkGC6XuxGdB9ghXPtY.jpg
1050,2925,,/tYdf6sIBZ7Ph0CQrP6g8BNc8OD1.jpg
1051,2926,,/6DBf0MhwjtHsFF9xqSZlez3flr8.jpg
1052,2927,,/opy8lmBInujEWRcEZUAsq7ezdke.jpg
1053,2928,,/xof1HmoI3NrSrmzHByjK6W7dU8E.jpg
1054,2929,,/dhBbnmFjVPl6wHdtx4HERIB3G8k.jpg
1055,2956,,NULL
1056,2957,,null
1057,2958,,null
1058,2959,,/9I8NiY5cfFmwgI8Y5NKQqsuDawS.jpg
1059,2960,,null
1060,2961,,null
1061,2962,,/aoaVVnDJlDH7zVejt6PR34TfSUd.jpg
1062,2963,,/dyBgVacU4fKNXwsKLEWjiUILJQX.jpg
1063,2964,,/yxqtsTiuARFZY0H5uZyiRV1gEDf.jpg
1064,2965,,NULL
1065,2966,,NULL
1066,2967,,/ybayeSdaVeOQQFtph98MbiVNtm0.jpg
1067,2968,, genannt die rote Hanne
1068,2969,,/nQ86wagyaAOF9KgsxQKUAHYlhCZ.jpg
1069,2970,,/t7E8krdy5ElcaIFouBwFlXTLAVZ.jpg
1070,2971,,/wFRCEVYuImeuWzfFCPGWHad5SUG.jpg
1071,2972,,NULL
1072,2973,,/vF0xfwd4Dzrf0iBhnANTXNTmTAq.jpg
1073,2974,,/qVhIhZrBK5Mtrt5zAwIWBeyAxzY.jpg
1074,2976,,/ndOpIx4BXpFCRRIxgMoGHxZxlE9.jpg
1075,2977,,/iLNBdoaKzXNhZV4qbhJPkIEfLEg.jpg
1076,2978,,/4nN0EYNbOWHJ9UO39maO5Kvcdfa.jpg
1077,2979,,/zmdy5f2JZYrVHAo7LN4zv8ALcqz.jpg
1078,2981,,/bEHH13QZKvGJS7H3U5JlcroqLFX.jpg
1079,2982,,/9XPw5Q1kJspN2ZfLfRlhfZtj6ih.jpg
1080,2983,,/8JWUMEwLAWcTT4eVI7GpsXtIhtx.jpg
1081,2984,,/20sih3KIfCERbSb15tLSfzmaAm9.jpg
1082,2985,,/5d1dNabYtJ96TiwCorX9YB24UMK.jpg
1083,2986,,/mQ7QYbfxQvxWWeKRDssMldTbcXn.jpg
1084,2987,,null
1085,2988,,/eJJbcBACphkeP9Raq8yKPeYuXKM.jpg
1086,2989,,/3v5T5ahdzSg8EzPddprTaEeAmrM.jpg
1087,2990,,/dAkfUZz0nuG2M7wPAnYwSENuJNe.jpg
1088,2991,,/64ywSj55UX307xqVNfZRx6lnyr3.jpg
1089,2992,,/sQSDivL9qMIt4lObIbRm68jgGRe.jpg
1090,2993,,/nUbGgZU5VCCjwa2c0sPpvpPv2P7.jpg
1091,2994,,/9ddUlSUNzdmbVz44AiGq4gSbGxf.jpg
1092,2995,,/yK6dC3IcCFJi0M5n1uxSXZatfJg.jpg
1093,2996,,/jIbOask5u34XCzEd9g4gCwkl96z.jpg
1094,2997,,/zAZHSZALUh7q2Q5S2600QmqVCgM.jpg
1095,2998,,/4yInJAMeuOf1tErz4D2vkiFQCvD.jpg
1096,,4500,/8A7VYEptvcdVvLIgckSoFlcQjf3.jpg
1097,,4501,/zLo1Xw6CmxLidBRXLQWKazSUAzp.jpg
1098,,4502,/n2dSoSl0IE6LxaZEmNYVqwl0d4T.jpg
1099,,4503,/iAUSzQNpxf9fX1EvhNbeguo6aVA.jpg
1100,,4504,/7HGVea7ful5Hvm7yngAQhIXubJv.jpg
1101,,4505,/AaYv2HVNujmYZ8fGmpgyjP6iHfe.jpg
1102,,4506,NULL
1103,,4507,/o8cHf3J34IMJtg6XdX9wSkjvw39.jpg
1104,,4508,/z0MHZY081zXVkgChqwxu2tVkN3t.jpg
1105,,4509,/lralkijxLG6yG3GP2STbJAvFABL.jpg
1106,,4510,/8W1Tr3Ae1nujobMZRId3US3xaqW.jpg
1107,,4511,/krRl7QKdIYsVUPYmOwElA1sqQE7.jpg
1108,,4512,/kO8JMofYBEnawCTRjsrmqmcNSEr.jpg
1109,,4513,/eSruS487kYsjr7k3QJayktlIYyp.jpg
1110,,4514,/nP4O0DUMvqlxvptcjOHdyzK0T2Y.jpg
1111,,4515,/5pO6QI7zKYDbic1ULYQkZ7VLV18.jpg
1112,,4516,/3HvUbZLA9laGje1IFq4Lvj5mqWZ.jpg
1113,,4517,/1fveHeEaOpGW91ZM4ViT0Jviuak.jpg
1114,,4518,/yeSnOxbdYqHexjZMG91Ep4MAbr8.jpg
1115,,4519,/flK0OtdFRvfbs5BixEqU327H8ZB.jpg
1116,,4520,/746O4Rn8TKRp2UZoenD4dgwmKMj.jpg
1117,,4521,/krKRthefSZlUjnzDvN4isqty0R7.jpg
1118,,4522,/38DHopfWHrWqYjphcBeAxOomled.jpg
1119,,4523,/qPjcKO4vtULtpHpVsJeEVwsxhfX.jpg
1120,,4524,/oJhoI85vBdFRSMEgnYNCcrNDocJ.jpg
1121,,4525,/uCEoQLSwx68RiTx32rduUwELkGD.jpg
1122,,4526,/mI2JxThbe4zwgBZQtR62MVXku0u.jpg
1123,,4528,/mbGOwf0mXOkQUJDChfTNbnlIS5.jpg
1124,,4529,/phfuUSf14DIxPVmGZ5ByCNLQgCZ.jpg
1125,,4530,/492q0Zdn43zCkTfdOZwOzSCj79n.jpg
1126,,4531,/reLfX4fIasqLXCdgZ7vnnYWYhe3.jpg
1127,,4532,/1xInhmQVOOVS7xFT5DthpIwUTDI.jpg
1128,,4533,/8a0p1M0Im4H9hTfIX6Fj655LMg4.jpg
1129,,4534,/A1mrfm8LEv7L28q50ld8QI5z9Iu.jpg
1130,,4535,/x8MtiTDDhmQBRKRw06d7o05Nss7.jpg
1131,,4536,/mtIjd19s4eOSkUm9P9iDVY35TsQ.jpg
1132,,4537,/AosgVsKPbLctVQ8hd8shEj7LJrZ.jpg
1133,,4538,/1U1vNItYr8HjIvpHxbtQsApY4Y3.jpg
1134,,4539,/6uNKlV6xKBD8IrOr1nY3yelTeAj.jpg
1135,,4540,/unxBztjmfUMG14XDLqnDktmS1LQ.jpg
1136,,4541,/4SBanQR3t3jcoAUMpo2KvCqWtk8.jpg
1137,,4542,/wsfgZNRvViT6wcI4Nw9J8yw17xC.jpg
1138,,4543,/gvgOSER6tDlEELShxiDFRqzxRG3.jpg
1139,,4544,null
1140,,4545,/4g6KNca4LvCZNtWjuLBUcxmNRFl.jpg
1141,,4546,/nbN1WTcFvQvSUZuSgkvFrZVdsBO.jpg
1142,,4547,/3Sp64LPk9CYwjlFfLjWV64x5Jhq.jpg
1143,,4548,/pBTuPIcMxAWuh6ZEIFU8vBFXZp.jpg
1144,,4549,/kR2yxgnO9pTnUxoZNTvFTCTETPh.jpg
1145,,4550,/xmIsllXaQPAyJtErpS5z6mViYNq.jpg
1146,,4551,/yiptujNoLZLwTOOzD3hqChvXhvT.jpg
1147,,4552,null
1148,,4553,/kgrW4vTlvcTki8oqSbrYVOswuxX.jpg
1149,,4554,/1gAJW7b3yCZasSuzhEBLVlJXA1C.jpg
1150,,4555,NULL
1151,,4556,/sVDjxmAuVfydv3UC3kg8n1nCP6A.jpg
1152,,4557,/qqqleHV8y7NLKt7isSZAvOwVPH6.jpg
1153,,4558,/2DJ3tP4yKYFodXXqVeLJVjE2Ssw.jpg
1154,,4559,/1lKU6iK3boJsfKgFQKqSElieq7d.jpg
1155,,4560,/bIyZfvT4kwfR6pus69kpbQKIokJ.jpg
1156,,4561,/c3KrxFO8g9cM1kr1fKHXu5dhbLd.jpg
1157,,4562,/zsXNdIoSRtkylveLmMt3YTuqxu5.jpg
1158,,4563,/riJV5Bq0IXItG3ceywNWkw7il7K.jpg
1159,,4564,/kRP5dGXDhKt7bDpXX4YBa4dRwlL.jpg
1160,,4565,/5trb1V5f3IsjpZx2GiuUylowl3W.jpg
1161,,4566,/zEwEXGDvJ8Ou2s6XbLMPvMTX53S.jpg
1162,,4567,NULL
1163,,4568,/feCIblDiTU1L2uWTi3rtYw6Nzyz.jpg
1164,,4569,/i1LsfCAuZWZsI5S5ewvQ3RCrXOc.jpg
1165,,4570,/oh8OCj1FHqARGVmp4B8T471p6Xh.jpg
1166,,4571,/cVK6Uo4sZAmiLuNOBEDzu6whi8d.jpg
1167,,4572,/dGp70VfY87zG42WNTGp9SvYtnKx.jpg
1168,,4573,/kwbOIABYZjLwd8UViMvkw40l2rr.jpg
1169,,4574,/A71AXLqndeY4Ld7GWYyUpdCsJ6s.jpg
1170,,4575,/q4LNgUnRfltxzp3gf1MAGiK5LhV.jpg
1171,,4576,/qIJHt9PO13mAuFnHgrJUAq5p8Bf.jpg
1172,,4577,null
1173,,4578,null
1174,,4579,null
1175,,4580,null
1176,,4581,null
1177,,4582,/q7XdXcrMU6M0zCbSRwjwwgJAApm.jpg
1178,,4583,/w7H47l6scZ0JWxfD3CNxpZrb7SV.jpg
1179,,4584,/xm8QdqSzacV6eVLu6NOjGTd38di.jpg
1180,,4585,null
1181,,4586,/tUE1rWD7Uga2U7CSM0P4mBJnHac.jpg
1182,,4588,/u6oDHb3z0uZNQHNdJwHJAW1jD4q.jpg
1183,,4589,/gbi7dmxPNVqJQpKnHOpZ9dmeWAO.jpg
1184,,4590,/aEMZmAz0bGfOww4zbjja3ZDR7iG.jpg
1185,,4591,/AlSSPZt0Ts9wSeoR1kkUVQUgd7s.jpg
1186,,4592,/ewqSDOOyjyODmyuVuxHmKGYKZR9.jpg
1187,,4593,null
1188,,4594,/scZTst5JSj5Oo4xx3t9v5FQGVL1.jpg
1189,,4595,/gQeX2Nk2WIqT53ons2Dtv1k3QaG.jpg
1190,,4596,null
1191,,4597,/iFmfKTRUlCe82dNbfgUQgSHK1if.jpg
1192,,4598,null
1193,,4599,/ePXffnho39kcZA0N5on4FBoPS3w.jpg
1194,,4600,null
1195,,4601,null
1196,,4602,null
1197,,4603,null
1198,,4604,/du7joY11DJZeXXph7FwkJ3uo7om.jpg
1199,,4605,/xSNSp2wmCUwFavxdkMF417hBc39.jpg
1200,,4606,/n9L6wovZsmanFcidnejoZemjBox.jpg
1201,,4607,/hFwzaSJy1r1XWHU2cEgjayEa1YC.jpg
1202,,4608,/jtE7Xrj8KKnhGI3p2yCgwrtUCnd.jpg
1203,,4609,/TTueyqZr5KiL0JoOTHNr9oB44V.jpg
1204,,4610,/81rlt5pj3rHsDwulgq0Lu7Nun28.jpg
1205,,4611,null
1206,,4612,null
1207,,4613,null
1208,,4614,null
1209,,4615,null
1210,,4616,null
1211,,4617,null
1212,,4618,null
1213,,4619,/oruhpfF26QKNNRG7Ur12oYmFLez.jpg
1214,,4620,null
1215,,4621,null
1216,,4622,null
1217,,4623,/w3gGD9LrinEKYwMXhVnssE9WDqc.jpg
1218,,4624,/nih4uL369ATVTYr8LTHopuHYchq.jpg
1219,,4625,/c9YqifOPRSdSPapWVwRZipwORz7.jpg
1220,,4626,/oBeAqTr9cpxQBFs6dRdURmlCQAc.jpg
1221,,4627,NULL
1222,,4628,/cpOtoT57nSeVA0FrbvnicEuJqPs.jpg
1223,,4629,NULL
1224,,4630,/kD0RtdwiNETK1yFVZYCwDxBA60B.jpg
1225,,4631,/aCvCn3PIdnEAPpHreswg2YXhrEI.jpg
1226,,4632,/eeaKJVgMdJv8PTHPO9B0DGH4PUV.jpg
1227,,4633,/uUL4jwje3kpekDfeAZYtAxdcXrU.jpg
1228,,4634,/9TENkQeln0bdLnlO1VdoCd5HCSi.jpg
1229,,4635,/bY0eJTJZXWY68GFgpZJLbk6C1Ho.jpg
1230,,4636,/2vLu9eVefJ6WK3OJnlLQQE4lSw5.jpg
1231,,4637,/q2645aW8vgg1g7RL5lil6K93yaA.jpg
1232,,4638,/qWy5b64SoBXcMDdfgLyLZgIHSdv.jpg
1233,,4639,/2zm3a3453aWN078Qd6nIQngbEkM.jpg
1234,,4640,/mciuAt2fu3yfUsnOPKZHXtEg0v7.jpg
1235,,4641,/hZFnOAlGWNJTQ6v35a6SwaR9squ.jpg
1236,,4642,null
1237,,4643,null
1238,,4644,null
1239,,4645,/ajiQj0jbacMAmPxDU3fP9TeIfTi.jpg
1240,,4646,/1xebnC3IMVNRCfI5ZOn6lqh0xO.jpg
1241,,4647,/jvphRhQuotA52HYVDFrNLhQs2eQ.jpg
1242,,4648,/gPdQSFgllfBJ7b7RMKSlBuZIGZt.jpg
1243,,4649,/8yVgLdLOJNQLcvkp5PuWHMLP60G.jpg
1244,,4650,/oN5pJ4Ky6Djy8ArcOL4ISH2cFEa.jpg
1245,,4651,/4fb67gs3lAD448jhZwIB4Q86ZRL.jpg
1246,,4652,/owKZAo5QxyulBwMvHqKn4a2abNc.jpg
1247,,4653,/3E2puQrspfkGC6XuxGdB9ghXPtY.jpg
1248,,4654,/tYdf6sIBZ7Ph0CQrP6g8BNc8OD1.jpg
1249,,4655,/6DBf0MhwjtHsFF9xqSZlez3flr8.jpg
1250,,4656,/opy8lmBInujEWRcEZUAsq7ezdke.jpg
1251,,4657,/xof1HmoI3NrSrmzHByjK6W7dU8E.jpg
1252,,4658,/dhBbnmFjVPl6wHdtx4HERIB3G8k.jpg
1253,,4659,NULL
1254,,4660,null
1255,,4661,null
1256,,4662,/9I8NiY5cfFmwgI8Y5NKQqsuDawS.jpg
1257,,4663,null
1258,,4664,null
1259,,4665,/aoaVVnDJlDH7zVejt6PR34TfSUd.jpg
1260,,4667,/dyBgVacU4fKNXwsKLEWjiUILJQX.jpg
1261,,4668,/yxqtsTiuARFZY0H5uZyiRV1gEDf.jpg
1262,,4669,NULL
1263,,4670,NULL
1264,,4671,/ybayeSdaVeOQQFtph98MbiVNtm0.jpg
1265,,4673, genannt die rote Hanne
1266,,4674,/nQ86wagyaAOF9KgsxQKUAHYlhCZ.jpg
1267,,4675,/t7E8krdy5ElcaIFouBwFlXTLAVZ.jpg
1268,,4676,/wFRCEVYuImeuWzfFCPGWHad5SUG.jpg
1269,,4678,NULL
1270,,4679,/vF0xfwd4Dzrf0iBhnANTXNTmTAq.jpg
1271,,4680,/qVhIhZrBK5Mtrt5zAwIWBeyAxzY.jpg
1272,,4681,/ndOpIx4BXpFCRRIxgMoGHxZxlE9.jpg
1273,,4682,/iLNBdoaKzXNhZV4qbhJPkIEfLEg.jpg
1274,,4683,/4nN0EYNbOWHJ9UO39maO5Kvcdfa.jpg
1275,,4684,/zmdy5f2JZYrVHAo7LN4zv8ALcqz.jpg
1276,,4685,/bEHH13QZKvGJS7H3U5JlcroqLFX.jpg
1277,,4686,/9XPw5Q1kJspN2ZfLfRlhfZtj6ih.jpg
1278,,4687,/8JWUMEwLAWcTT4eVI7GpsXtIhtx.jpg
1279,,4688,/20sih3KIfCERbSb15tLSfzmaAm9.jpg
1280,,4689,/5d1dNabYtJ96TiwCorX9YB24UMK.jpg
1281,,4690,/mQ7QYbfxQvxWWeKRDssMldTbcXn.jpg
1282,,4691,null
1283,,4692,/eJJbcBACphkeP9Raq8yKPeYuXKM.jpg
1284,,4693,/3v5T5ahdzSg8EzPddprTaEeAmrM.jpg
1285,,4694,/dAkfUZz0nuG2M7wPAnYwSENuJNe.jpg
1286,,4695,/64ywSj55UX307xqVNfZRx6lnyr3.jpg
1287,,4696,/sQSDivL9qMIt4lObIbRm68jgGRe.jpg
1288,,4697,/nUbGgZU5VCCjwa2c0sPpvpPv2P7.jpg
1289,,4698,/9ddUlSUNzdmbVz44AiGq4gSbGxf.jpg
1290,,4699,/yK6dC3IcCFJi0M5n1uxSXZatfJg.jpg
1291,,4700,/jIbOask5u34XCzEd9g4gCwkl96z.jpg
1292,,4701,/zAZHSZALUh7q2Q5S2600QmqVCgM.jpg
1293,,4702,/4yInJAMeuOf1tErz4D2vkiFQCvD.jpg
1294,,4703,/8A7VYEptvcdVvLIgckSoFlcQjf3.jpg
1295,,4704,/zLo1Xw6CmxLidBRXLQWKazSUAzp.jpg
1296,,4705,/n2dSoSl0IE6LxaZEmNYVqwl0d4T.jpg
1297,,4706,/iAUSzQNpxf9fX1EvhNbeguo6aVA.jpg
1298,,4708,/7HGVea7ful5Hvm7yngAQhIXubJv.jpg
1299,,4709,/AaYv2HVNujmYZ8fGmpgyjP6iHfe.jpg
1300,,4710,NULL
1301,,4711,/o8cHf3J34IMJtg6XdX9wSkjvw39.jpg
1302,,4712,/z0MHZY081zXVkgChqwxu2tVkN3t.jpg
1303,,4713,/lralkijxLG6yG3GP2STbJAvFABL.jpg
1304,,4714,/8W1Tr3Ae1nujobMZRId3US3xaqW.jpg
1305,,4715,/krRl7QKdIYsVUPYmOwElA1sqQE7.jpg
1306,,4716,/kO8JMofYBEnawCTRjsrmqmcNSEr.jpg
1307,,4717,/eSruS487kYsjr7k3QJayktlIYyp.jpg
1308,,4718,/nP4O0DUMvqlxvptcjOHdyzK0T2Y.jpg
1309,,4719,/5pO6QI7zKYDbic1ULYQkZ7VLV18.jpg
1310,,4720,/3HvUbZLA9laGje1IFq4Lvj5mqWZ.jpg
1311,,4721,/1fveHeEaOpGW91ZM4ViT0Jviuak.jpg
1312,,4722,/yeSnOxbdYqHexjZMG91Ep4MAbr8.jpg
1313,,4723,/flK0OtdFRvfbs5BixEqU327H8ZB.jpg
1314,,4724,/746O4Rn8TKRp2UZoenD4dgwmKMj.jpg
1315,,4725,/krKRthefSZlUjnzDvN4isqty0R7.jpg
1316,,4726,/38DHopfWHrWqYjphcBeAxOomled.jpg
1317,,4727,/qPjcKO4vtULtpHpVsJeEVwsxhfX.jpg
1318,,4728,/oJhoI85vBdFRSMEgnYNCcrNDocJ.jpg
1319,,4729,/uCEoQLSwx68RiTx32rduUwELkGD.jpg
1320,,4730,/mI2JxThbe4zwgBZQtR62MVXku0u.jpg
1321,,4731,/mbGOwf0mXOkQUJDChfTNbnlIS5.jpg
1322,,4732,/phfuUSf14DIxPVmGZ5ByCNLQgCZ.jpg
1323,,4733,/492q0Zdn43zCkTfdOZwOzSCj79n.jpg
1324,,4734,/reLfX4fIasqLXCdgZ7vnnYWYhe3.jpg
1325,,4735,/1xInhmQVOOVS7xFT5DthpIwUTDI.jpg
1326,,4736,/8a0p1M0Im4H9hTfIX6Fj655LMg4.jpg
1327,,4737,/A1mrfm8LEv7L28q50ld8QI5z9Iu.jpg
1328,,4738,/x8MtiTDDhmQBRKRw06d7o05Nss7.jpg
1329,,4739,/mtIjd19s4eOSkUm9P9iDVY35TsQ.jpg
1330,,4740,/AosgVsKPbLctVQ8hd8shEj7LJrZ.jpg
1331,,4741,/1U1vNItYr8HjIvpHxbtQsApY4Y3.jpg
1332,,4742,/6uNKlV6xKBD8IrOr1nY3yelTeAj.jpg
1333,,4743,/unxBztjmfUMG14XDLqnDktmS1LQ.jpg
1334,,4744,/4SBanQR3t3jcoAUMpo2KvCqWtk8.jpg
1335,,4745,/wsfgZNRvViT6wcI4Nw9J8yw17xC.jpg
1336,,4746,/gvgOSER6tDlEELShxiDFRqzxRG3.jpg
1337,,4747,null
1338,,4748,/4g6KNca4LvCZNtWjuLBUcxmNRFl.jpg
1339,,4749,/nbN1WTcFvQvSUZuSgkvFrZVdsBO.jpg
1340,,4750,/3Sp64LPk9CYwjlFfLjWV64x5Jhq.jpg
1341,,4751,/pBTuPIcMxAWuh6ZEIFU8vBFXZp.jpg
1342,,4752,/kR2yxgnO9pTnUxoZNTvFTCTETPh.jpg
1343,,4753,/xmIsllXaQPAyJtErpS5z6mViYNq.jpg
1344,,4754,/yiptujNoLZLwTOOzD3hqChvXhvT.jpg
1345,,4755,null
1346,,4756,/kgrW4vTlvcTki8oqSbrYVOswuxX.jpg
1347,,4757,/1gAJW7b3yCZasSuzhEBLVlJXA1C.jpg
1348,,4758,NULL
1349,,4759,/sVDjxmAuVfydv3UC3kg8n1nCP6A.jpg
1350,,4760,/qqqleHV8y7NLKt7isSZAvOwVPH6.jpg
1351,,4761,/2DJ3tP4yKYFodXXqVeLJVjE2Ssw.jpg
1352,,4762,/1lKU6iK3boJsfKgFQKqSElieq7d.jpg
1353,,4763,/bIyZfvT4kwfR6pus69kpbQKIokJ.jpg
1354,,4764,/c3KrxFO8g9cM1kr1fKHXu5dhbLd.jpg
1355,,4765,/zsXNdIoSRtkylveLmMt3YTuqxu5.jpg
1356,,4766,/riJV5Bq0IXItG3ceywNWkw7il7K.jpg
1357,,4767,/kRP5dGXDhKt7bDpXX4YBa4dRwlL.jpg
1358,,4768,/5trb1V5f3IsjpZx2GiuUylowl3W.jpg
1359,,4769,/zEwEXGDvJ8Ou2s6XbLMPvMTX53S.jpg
1360,,4770,NULL
1361,,4771,/feCIblDiTU1L2uWTi3rtYw6Nzyz.jpg
1362,,4772,/i1LsfCAuZWZsI5S5ewvQ3RCrXOc.jpg
1363,,4773,/oh8OCj1FHqARGVmp4B8T471p6Xh.jpg
1364,,4774,/cVK6Uo4sZAmiLuNOBEDzu6whi8d.jpg
1365,,4775,/dGp70VfY87zG42WNTGp9SvYtnKx.jpg
1366,,4776,/kwbOIABYZjLwd8UViMvkw40l2rr.jpg
1367,,4777,/A71AXLqndeY4Ld7GWYyUpdCsJ6s.jpg
1368,,4778,/q4LNgUnRfltxzp3gf1MAGiK5LhV.jpg
1369,,4779,/qIJHt9PO13mAuFnHgrJUAq5p8Bf.jpg
1370,,4780,null
1371,,4781,null
1372,,4782,null
1373,,4783,null
1374,,4784,null
1375,,4785,/q7XdXcrMU6M0zCbSRwjwwgJAApm.jpg
1376,,4786,/w7H47l6scZ0JWxfD3CNxpZrb7SV.jpg
1377,,4787,/xm8QdqSzacV6eVLu6NOjGTd38di.jpg
1378,,4788,null
1379,,4789,/tUE1rWD7Uga2U7CSM0P4mBJnHac.jpg
1380,,4790,/u6oDHb3z0uZNQHNdJwHJAW1jD4q.jpg
1381,,4791,/gbi7dmxPNVqJQpKnHOpZ9dmeWAO.jpg
1382,,4792,/aEMZmAz0bGfOww4zbjja3ZDR7iG.jpg
1383,,4793,/AlSSPZt0Ts9wSeoR1kkUVQUgd7s.jpg
1384,,4794,/ewqSDOOyjyODmyuVuxHmKGYKZR9.jpg
1385,,4795,null
1386,,4797,/scZTst5JSj5Oo4xx3t9v5FQGVL1.jpg
1387,,4798,/gQeX2Nk2WIqT53ons2Dtv1k3QaG.jpg
1388,,4799,null
1389,,4800,/iFmfKTRUlCe82dNbfgUQgSHK1if.jpg
1390,,4801,null
1391,,4802,/ePXffnho39kcZA0N5on4FBoPS3w.jpg
1392,,4803,null
1393,,4805,null
1394,,4806,null
1395,,4807,null
1396,,4808,/du7joY11DJZeXXph7FwkJ3uo7om.jpg
1397,,4809,/xSNSp2wmCUwFavxdkMF417hBc39.jpg
1398,,4810,/n9L6wovZsmanFcidnejoZemjBox.jpg
1399,,4811,/hFwzaSJy1r1XWHU2cEgjayEa1YC.jpg
1400,,4812,/jtE7Xrj8KKnhGI3p2yCgwrtUCnd.jpg
1401,,4813,/TTueyqZr5KiL0JoOTHNr9oB44V.jpg
1402,,4814,/81rlt5pj3rHsDwulgq0Lu7Nun28.jpg
1403,,4815,null
1404,,4816,null
1405,,4817,null
1406,,4818,null
1407,,4819,null
1408,,4820,null
1409,,4821,null
1410,,4822,null
1411,,4824,/oruhpfF26QKNNRG7Ur12oYmFLez.jpg
1412,,4825,null
1413,,4826,null
1414,,4827,null
1415,,4828,/w3gGD9LrinEKYwMXhVnssE9WDqc.jpg
1416,,4829,/nih4uL369ATVTYr8LTHopuHYchq.jpg
1417,,4830,/c9YqifOPRSdSPapWVwRZipwORz7.jpg
1418,,4831,/oBeAqTr9cpxQBFs6dRdURmlCQAc.jpg
1419,,4832,NULL
1420,,4833,/cpOtoT57nSeVA0FrbvnicEuJqPs.jpg
1421,,4834,NULL
1422,,4835,/kD0RtdwiNETK1yFVZYCwDxBA60B.jpg
1423,,4836,/aCvCn3PIdnEAPpHreswg2YXhrEI.jpg
1424,,4837,/eeaKJVgMdJv8PTHPO9B0DGH4PUV.jpg
1425,,4838,/uUL4jwje3kpekDfeAZYtAxdcXrU.jpg
1426,,4839,/9TENkQeln0bdLnlO1VdoCd5HCSi.jpg
1427,,4840,/bY0eJTJZXWY68GFgpZJLbk6C1Ho.jpg
1428,,4841,/2vLu9eVefJ6WK3OJnlLQQE4lSw5.jpg
1429,,4842,/q2645aW8vgg1g7RL5lil6K93yaA.jpg
1430,,4843,/qWy5b64SoBXcMDdfgLyLZgIHSdv.jpg
1431,,4844,/2zm3a3453aWN078Qd6nIQngbEkM.jpg
1432,,4845,/mciuAt2fu3yfUsnOPKZHXtEg0v7.jpg
1433,,4846,/hZFnOAlGWNJTQ6v35a6SwaR9squ.jpg
1434,,4847,null
1435,,4848,null
1436,,4849,null
1437,,4850,/ajiQj0jbacMAmPxDU3fP9TeIfTi.jpg
1438,,4851,/1xebnC3IMVNRCfI5ZOn6lqh0xO.jpg
1439,,4852,/jvphRhQuotA52HYVDFrNLhQs2eQ.jpg
1440,,4853,/gPdQSFgllfBJ7b7RMKSlBuZIGZt.jpg
1441,,4854,/8yVgLdLOJNQLcvkp5PuWHMLP60G.jpg
1442,,4855,/oN5pJ4Ky6Djy8ArcOL4ISH2cFEa.jpg
1443,,4856,/4fb67gs3lAD448jhZwIB4Q86ZRL.jpg
1444,,4857,/owKZAo5QxyulBwMvHqKn4a2abNc.jpg
1445,,4858,/3E2puQrspfkGC6XuxGdB9ghXPtY.jpg
1446,,4859,/tYdf6sIBZ7Ph0CQrP6g8BNc8OD1.jpg
1447,,4860,/6DBf0MhwjtHsFF9xqSZlez3flr8.jpg
1448,,4862,/opy8lmBInujEWRcEZUAsq7ezdke.jpg
1449,,4863,/xof1HmoI3NrSrmzHByjK6W7dU8E.jpg
1450,,4864,/dhBbnmFjVPl6wHdtx4HERIB3G8k.jpg
1451,,4865,NULL
1452,,4866,null
1453,,4867,null
1454,,4868,/9I8NiY5cfFmwgI8Y5NKQqsuDawS.jpg
1455,,4869,null
1456,,4870,null
1457,,4871,/aoaVVnDJlDH7zVejt6PR34TfSUd.jpg
1458,,4872,/dyBgVacU4fKNXwsKLEWjiUILJQX.jpg
1459,,4873,/yxqtsTiuARFZY0H5uZyiRV1gEDf.jpg
1460,,4874,NULL
1461,,4875,NULL
1462,,4876,/ybayeSdaVeOQQFtph98MbiVNtm0.jpg
1463,,4877, genannt die rote Hanne
1464,,4878,/nQ86wagyaAOF9KgsxQKUAHYlhCZ.jpg
1465,,4879,/t7E8krdy5ElcaIFouBwFlXTLAVZ.jpg
1466,,4880,/wFRCEVYuImeuWzfFCPGWHad5SUG.jpg
1467,,4881,NULL
1468,,4882,/vF0xfwd4Dzrf0iBhnANTXNTmTAq.jpg
1469,,4884,/qVhIhZrBK5Mtrt5zAwIWBeyAxzY.jpg
1470,,4885,/ndOpIx4BXpFCRRIxgMoGHxZxlE9.jpg
1471,,4886,/iLNBdoaKzXNhZV4qbhJPkIEfLEg.jpg
1472,,4887,/4nN0EYNbOWHJ9UO39maO5Kvcdfa.jpg
1473,,4888,/zmdy5f2JZYrVHAo7LN4zv8ALcqz.jpg
1474,,4889,/bEHH13QZKvGJS7H3U5JlcroqLFX.jpg
1475,,4890,/9XPw5Q1kJspN2ZfLfRlhfZtj6ih.jpg
1476,,4891,/8JWUMEwLAWcTT4eVI7GpsXtIhtx.jpg
1477,,4892,/20sih3KIfCERbSb15tLSfzmaAm9.jpg
1478,,4893,/5d1dNabYtJ96TiwCorX9YB24UMK.jpg
1479,,4894,/mQ7QYbfxQvxWWeKRDssMldTbcXn.jpg
1480,,4895,null
1481,,4896,/eJJbcBACphkeP9Raq8yKPeYuXKM.jpg
1482,,4897,/3v5T5ahdzSg8EzPddprTaEeAmrM.jpg
1483,,4898,/dAkfUZz0nuG2M7wPAnYwSENuJNe.jpg
1484,,4899,/64ywSj55UX307xqVNfZRx6lnyr3.jpg
1485,,4900,/sQSDivL9qMIt4lObIbRm68jgGRe.jpg
1486,,4901,/nUbGgZU5VCCjwa2c0sPpvpPv2P7.jpg
1487,,4902,/9ddUlSUNzdmbVz44AiGq4gSbGxf.jpg
1488,,4903,/yK6dC3IcCFJi0M5n1uxSXZatfJg.jpg
1489,,4904,/jIbOask5u34XCzEd9g4gCwkl96z.jpg
1490,,4905,/zAZHSZALUh7q2Q5S2600QmqVCgM.jpg
1491,,4906,/4yInJAMeuOf1tErz4D2vkiFQCvD.jpg
1492,,4907,/8A7VYEptvcdVvLIgckSoFlcQjf3.jpg
1493,,4908,/zLo1Xw6CmxLidBRXLQWKazSUAzp.jpg
1494,,4909,/n2dSoSl0IE6LxaZEmNYVqwl0d4T.jpg
1495,,4910,/iAUSzQNpxf9fX1EvhNbeguo6aVA.jpg
1496,,4911,/7HGVea7ful5Hvm7yngAQhIXubJv.jpg
1497,,4912,/AaYv2HVNujmYZ8fGmpgyjP6iHfe.jpg
1498,,4913,NULL
1499,,4914,/o8cHf3J34IMJtg6XdX9wSkjvw39.jpg
1500,,4915,/z0MHZY081zXVkgChqwxu2tVkN3t.jpg
1501,,4916,/lralkijxLG6yG3GP2STbJAvFABL.jpg
1502,,4917,/8W1Tr3Ae1nujobMZRId3US3xaqW.jpg
1503,,4918,/krRl7QKdIYsVUPYmOwElA1sqQE7.jpg
1504,,4919,/kO8JMofYBEnawCTRjsrmqmcNSEr.jpg
1505,,4920,/eSruS487kYsjr7k3QJayktlIYyp.jpg
1506,,4921,/nP4O0DUMvqlxvptcjOHdyzK0T2Y.jpg
1507,,4922,/5pO6QI7zKYDbic1ULYQkZ7VLV18.jpg
1508,,4923,/3HvUbZLA9laGje1IFq4Lvj5mqWZ.jpg
1509,,4924,/1fveHeEaOpGW91ZM4ViT0Jviuak.jpg
1510,,4925,/yeSnOxbdYqHexjZMG91Ep4MAbr8.jpg
1511,,4926,/flK0OtdFRvfbs5BixEqU327H8ZB.jpg
1512,,4927,/746O4Rn8TKRp2UZoenD4dgwmKMj.jpg
1513,,4928,/krKRthefSZlUjnzDvN4isqty0R7.jpg
1514,,4929,/38DHopfWHrWqYjphcBeAxOomled.jpg
1515,,4930,/qPjcKO4vtULtpHpVsJeEVwsxhfX.jpg
1516,,4931,/oJhoI85vBdFRSMEgnYNCcrNDocJ.jpg
1517,,4933,/uCEoQLSwx68RiTx32rduUwELkGD.jpg
1518,,4934,/mI2JxThbe4zwgBZQtR62MVXku0u.jpg
1519,,4935,/mbGOwf0mXOkQUJDChfTNbnlIS5.jpg
1520,,4936,/phfuUSf14DIxPVmGZ5ByCNLQgCZ.jpg
1521,,4937,/492q0Zdn43zCkTfdOZwOzSCj79n.jpg
1522,,4938,/reLfX4fIasqLXCdgZ7vnnYWYhe3.jpg
1523,,4939,/1xInhmQVOOVS7xFT5DthpIwUTDI.jpg
1524,,4940,/8a0p1M0Im4H9hTfIX6Fj655LMg4.jpg
1525,,4941,/A1mrfm8LEv7L28q50ld8QI5z9Iu.jpg
1526,,4942,/x8MtiTDDhmQBRKRw06d7o05Nss7.jpg
1527,,4943,/mtIjd19s4eOSkUm9P9iDVY35TsQ.jpg
1528,,4944,/AosgVsKPbLctVQ8hd8shEj7LJrZ.jpg
1529,,4945,/1U1vNItYr8HjIvpHxbtQsApY4Y3.jpg
1530,,4946,/6uNKlV6xKBD8IrOr1nY3yelTeAj.jpg
1531,,4947,/unxBztjmfUMG14XDLqnDktmS1LQ.jpg
1532,,4948,/4SBanQR3t3jcoAUMpo2KvCqWtk8.jpg
1533,,4949,/wsfgZNRvViT6wcI4Nw9J8yw17xC.jpg
1534,,4950,/gvgOSER6tDlEELShxiDFRqzxRG3.jpg
1535,,4951,null
1536,,4952,/4g6KNca4LvCZNtWjuLBUcxmNRFl.jpg
1537,,4953,/nbN1WTcFvQvSUZuSgkvFrZVdsBO.jpg
1538,,4954,/3Sp64LPk9CYwjlFfLjWV64x5Jhq.jpg
1539,,4955,/pBTuPIcMxAWuh6ZEIFU8vBFXZp.jpg
1540,,4956,/kR2yxgnO9pTnUxoZNTvFTCTETPh.jpg
1541,,4957,/xmIsllXaQPAyJtErpS5z6mViYNq.jpg
1542,,4958,/yiptujNoLZLwTOOzD3hqChvXhvT.jpg
1543,,4959,null
1544,,4960,/kgrW4vTlvcTki8oqSbrYVOswuxX.jpg
1545,,4961,/1gAJW7b3yCZasSuzhEBLVlJXA1C.jpg
1546,,4962,NULL
1547,,4963,/sVDjxmAuVfydv3UC3kg8n1nCP6A.jpg
1548,,4964,/qqqleHV8y7NLKt7isSZAvOwVPH6.jpg
1549,,4965,/2DJ3tP4yKYFodXXqVeLJVjE2Ssw.jpg
1550,,4966,/1lKU6iK3boJsfKgFQKqSElieq7d.jpg
1551,,4967,/bIyZfvT4kwfR6pus69kpbQKIokJ.jpg
1552,,4968,/c3KrxFO8g9cM1kr1fKHXu5dhbLd.jpg
1553,,4969,/zsXNdIoSRtkylveLmMt3YTuqxu5.jpg
1554,,4970,/riJV5Bq0IXItG3ceywNWkw7il7K.jpg
1555,,4971,/kRP5dGXDhKt7bDpXX4YBa4dRwlL.jpg
1556,,4972,/5trb1V5f3IsjpZx2GiuUylowl3W.jpg
1557,,4973,/zEwEXGDvJ8Ou2s6XbLMPvMTX53S.jpg
1558,,4974,NULL
1559,,4975,/feCIblDiTU1L2uWTi3rtYw6Nzyz.jpg
1560,,4976,/i1LsfCAuZWZsI5S5ewvQ3RCrXOc.jpg
1561,,4977,/oh8OCj1FHqARGVmp4B8T471p6Xh.jpg
1562,,4978,/cVK6Uo4sZAmiLuNOBEDzu6whi8d.jpg
1563,,4979,/dGp70VfY87zG42WNTGp9SvYtnKx.jpg
1564,,4980,/kwbOIABYZjLwd8UViMvkw40l2rr.jpg
1565,,4981,/A71AXLqndeY4Ld7GWYyUpdCsJ6s.jpg
1566,,4983,/q4LNgUnRfltxzp3gf1MAGiK5LhV.jpg
1567,,4984,/qIJHt9PO13mAuFnHgrJUAq5p8Bf.jpg
1568,,4985,null
1569,,4986,null
1570,,4987,null
1571,,4988,null
1572,,4989,null
1573,,4990,/q7XdXcrMU6M0zCbSRwjwwgJAApm.jpg
1574,,4991,/w7H47l6scZ0JWxfD3CNxpZrb7SV.jpg
1575,,4992,/xm8QdqSzacV6eVLu6NOjGTd38di.jpg
1576,,4993,null
1577,,4994,/tUE1rWD7Uga2U7CSM0P4mBJnHac.jpg
1578,,4995,/u6oDHb3z0uZNQHNdJwHJAW1jD4q.jpg
1579,,4996,/gbi7dmxPNVqJQpKnHOpZ9dmeWAO.jpg
1580,,4997,/aEMZmAz0bGfOww4zbjja3ZDR7iG.jpg
1581,,4998,/AlSSPZt0Ts9wSeoR1kkUVQUgd7s.jpg
1582,,4999,/ewqSDOOyjyODmyuVuxHmKGYKZR9.jpg
