ID,IMDB_ID,Poster_Path,,,,,,,,,,,,,,,,
1018,tt0166924,/fMC8JBWx2VjsJ53JopAcFjqmlYv.jpg,,,,,,,,,,,,,,,,
1023,tt0418455,/ysLgwV21cnoI9nkWIvdZWqJuwjE.jpg,,,,,,,,,,,,,,,,
1024,tt0110005,/5ek49TUeqStPmKwNdxrCSUAdXNe.jpg,,,,,,,,,,,,,,,,
1039,tt0141824,/39UvdRSdETUixSeQ86KI996e7J8.jpg,,,,,,,,,,,,,,,,
1040,tt0057091,/ceSaasF8Dqbd8CxVKPvLBwbBxy4.jpg,,,,,,,,,,,,,,,,
1049,tt0108185,/tTknufUur6nxMHEAR3iZ71kJXHt.jpg,,,,,,,,,,,,,,,,
1050,tt0215369,/9a9csHTZRIMMnqx2z0H2kNvf6wa.jpg,,,,,,,,,,,,,,,,
1051,tt0067116,/xwDi4wF0I1L5bSW08Y8GocDGjJP.jpg,,,,,,,,,,,,,,,,
1052,tt0060176,/7zvq6rcS5VVmPDlciJbSFsmt1CL.jpg,,,,,,,,,,,,,,,,
1058,tt0085276,/nBpXuTyhcqx2semf39zGXZl65H3.jpg,,,,,,,,,,,,,,,,
1059,tt0051808,/qZmpnwqgMBJtVgiUqBdmFsdkW7m.jpg,,,,,,,,,,,,,,,,
1073,tt0137363,/jMwDRI4qu5FrSAzf7BfNveuRVf9.jpg,,,,,,,,,,,,,,,,
1075,tt0118843,NULL,,,,,,,,,,,,,,,,
1088,tt0298228,/x6qMQ6LActtQSjuXidzuhqVW3AT.jpg,,,,,,,,,,,,,,,,
1089,tt0102685,/zAt6vprHgkQCaQ5n6qwfXd4zAcD.jpg,,,,,,,,,,,,,,,,
1090,tt0139809,/19XUd3YoAY2cwWJnutvq5VEtiIO.jpg,,,,,,,,,,,,,,,,
1091,tt0084787,/s5fH3GqFcHbi2F0NSBSh4KRNTc0.jpg,,,,,,,,,,,,,,,,
1092,tt0041959,/xsVmiQG7s2T0UIctSpDvpNv9CX5.jpg,,,,,,,,,,,,,,,,
1093,tt0051378,/gwPV0aXkNyb33BcLTbYH6b1bxya.jpg,,,,,,,,,,,,,,,,
1103,tt0082340,/z1KTbKJh7vSTTXllxxE4DWG63rT.jpg,,,,,,,,,,,,,,,,
1114,tt0373861,/5CXTFjJvdZvdqoFJ2Y6nW6k2Zyv.jpg,,,,,,,,,,,,,,,,
1115,tt0419773,/xN6BG1WJPOJgwQJ4SKlLZ1UYVct.jpg,,,,,,,,,,,,,,,,
1116,tt0460989,/uLt7SpgPjfwkWqJpUk08xONISFZ.jpg,,,,,,,,,,,,,,,,
1123,tt0437232,/3gra6N7DUNdac8iG44ozl8Rnh8H.jpg,,,,,,,,,,,,,,,,
1124,tt0482571,/5MXyQfz8xUP3dIFPTubhTsbFY6N.jpg,,,,,,,,,,,,,,,,
1125,tt0443489,/jrtyk21qp9oVHveellwoyp825q2.jpg,,,,,,,,,,,,,,,,
1126,tt0385017,/6ZQUlZc3nNNfiRcPYqx6FE2piBO.jpg,,,,,,,,,,,,,,,,
1127,tt0434292,/aHg2IOpslBZGiW7IipGCGmect00.jpg,,,,,,,,,,,,,,,,
1162,tt0056241,/1Rk8UwvOI1ZSlbfhrNBu4J0Zlb7.jpg,,,,,,,,,,,,,,,,
1163,tt0246786,/82fbnYZASQ6q9KCjNaXUCusuoou.jpg,,,,,,,,,,,,,,,,
1164,tt0449467,/fxneN0EQZwTfAfhTGUvUuIn6PLi.jpg,,,,,,,,,,,,,,,,
1165,tt0436697,/Ai8tz9c7Homb9mLg8baGhX1ABkR.jpg,,,,,,,,,,,,,,,,
1213,tt0134119,/cTV9p4Pup3XLGYZ0aNJCF9c4GuL.jpg,,,,,,,,,,,,,,,,
1244,tt0764639,/88JnouOmKWvk89lKasMdkZY47xE.jpg,,,,,,,,,,,,,,,,
1245,tt0107943,/gvu4zaF0KeIRoZ5fVABQH3Wug3r.jpg,,,,,,,,,,,,,,,,
1246,tt0479143,/usZMPGxyRsyOpX5nuqHFxH3qlMh.jpg,,,,,,,,,,,,,,,,
1247,tt0343737,/s2RYkRXrjUIyOlmzym37kpLTKRz.jpg,,,,,,,,,,,,,,,,
1248,tt0367959,/athS1NzNvBRBKsaGni3TEOKUO8N.jpg,,,,,,,,,,,,,,,,
1249,tt0427969,/92MIHjyOpmJMnf79DGtPEXGQhuG.jpg,,,,,,,,,,,,,,,,
1250,tt0259324,/jnllnSq8u4d1oQPU7PsoAHD6bLU.jpg,,,,,,,,,,,,,,,,
1251,tt0498380,/nWJJqOryTQOmVXvKUkLcEETUHgT.jpg,,,,,,,,,,,,,,,,
1252,tt0441774,/wxsyl5wjobtYhll3rf5nGuC4kBN.jpg,,,,,,,,,,,,,,,,
1253,tt0443456,/tH4pFx2e8oxTKTn1DrZv8eqJACn.jpg,,,,,,,,,,,,,,,,
1254,tt0485241,NULL,,,,,,,,,,,,,,,,
1255,tt0468492,/74OkcSKTs4f8myeLaVdJ57lj2CG.jpg,,,,,,,,,,,,,,,,
1256,tt0808315,/2oxEoSoRJaZuDVsefHOYS5n7cTV.jpg,,,,,,,,,,,,,,,,
1257,tt0490084,/a7fBuvCoPPP5RQMZuPN25OT4rk9.jpg,,,,,,,,,,,,,,,,
1259,tt0465551,/auGdbhh2LklmZV1LLLwQ5uvHiX4.jpg,,,,,,,,,,,,,,,,
1260,tt0447249,/b8L0pXMTWO2FbNDqCCVPBqJALwV.jpg,,,,,,,,,,,,,,,,
1262,tt0420223,/AtjCCvfMq9kmjwjbVwTJ0mWG7zp.jpg,,,,,,,,,,,,,,,,
1263,tt0449080,/oRr1mrVMqlnoiMyUj42VlFCRiJ4.jpg,,,,,,,,,,,,,,,,
1264,tt0811159,/rWHMPgoaNaYLZV2TIvdCDTuH0df.jpg,,,,,,,,,,,,,,,,
1265,tt0398808,/vNUvGD1Pl5NjgiSrtVrEa52Ewju.jpg,,,,,,,,,,,,,,,,
1266,tt0421073,/nFbZvElg1peBts1SYrfPkxUc3QG.jpg,,,,,,,,,,,,,,,,
1267,tt0396555,/oe7w9SxGmpSW1dlz5QaVVKWBEVz.jpg,,,,,,,,,,,,,,,,
1268,tt0453451,/5G3gOZemcwXf2nbUFB4VCc5gl2A.jpg,,,,,,,,,,,,,,,,
1269,tt0446009,/qfU9n7QQ3dNas1rKm5xTDT1NgR6.jpg,,,,,,,,,,,,,,,,
1271,tt0416449,/bYR8O1H1ZlME7Dm9ysfTYZnRDpw.jpg,,,,,,,,,,,,,,,,
1272,tt0448134,/upgi8oTlMthM9sweAyBoXqr8doZ.jpg,,,,,,,,,,,,,,,,
1273,tt0453556,/4hGzZ2DAjdu6IjHT7dGfiVatHEu.jpg,,,,,,,,,,,,,,,,
1277,tt0155722,/zqbtWdQgdXuFiFfQCn6AGPrOiOQ.jpg,,,,,,,,,,,,,,,,
1278,tt0309987,/7ABcfmXQZeCXl5sNrDuLS1URMPN.jpg,,,,,,,,,,,,,,,,
1279,tt0397619,/1fsOMSQb5w5I9qe4kmKueBAdMhp.jpg,,,,,,,,,,,,,,,,
1280,tt0423866,/wPlnP2xTCnQvXJAaEEm7C1bdhHT.jpg,,,,,,,,,,,,,,,,
1281,tt0118689,/36B69cweS9xaeQRj0qA4jnaGM6l.jpg,,,,,,,,,,,,,,,,
1282,tt0275309,/yS11joPn962PSp8iBsmcaZLWN4M.jpg,,,,,,,,,,,,,,,,
1283,tt0120868,NULL,,,,,,,,,,,,,,,,
1284,tt0257231,/iJWsg9WcH81TYOcdJnEbcKbybPA.jpg,,,,,,,,,,,,,,,,
1285,tt0444505,/1FkDIzde4LZqCbe6MBUcz12p3nu.jpg,,,,,,,,,,,,,,,,
1294,tt0461694,/7qMsdMX2WrQXJoftnm4qQyyBLMb.jpg,,,,,,,,,,,,,,,,
1358,tt0103882,/245tFCzZLiE9Xo03EuZIU03zXEw.jpg,,,,,,,,,,,,,,,,
1359,tt0144084,/qXsylPM4Lr5397R3eHrfqHhTUNc.jpg,,,,,,,,,,,,,,,,
1360,tt0120679,/zwkLXyeAKYGX6iKJemLlSSPmC22.jpg,,,,,,,,,,,,,,,,
1361,tt0079802,/rmjhiMrx6cqwsrg4tqYuIBk5SkY.jpg,,,,,,,,,,,,,,,,
1362,tt0077687,/8KYEsBl0bT4V3HzOawohxlhIJB6.jpg,,,,,,,,,,,,,,,,
1363,tt0120699,/dRV0aqhalPHVRwHKHTsj36QVhTR.jpg,,,,,,,,,,,,,,,,
1364,tt0254455,/1sXh1xMe9KVqGvA5tBqG9DrYhzn.jpg,,,,,,,,,,,,,,,,
1365,tt0285742,/8tQ2ZtUJ4bxxUF1slc6DKBXOtTN.jpg,,,,,,,,,,,,,,,,
1366,tt0075148,/lmwGr6J5y6kngFNQuFV2y1yw4OB.jpg,,,,,,,,,,,,,,,,
1367,tt0079817,/NGxIbk3qNtPACVN9Y6c9qDkOir.jpg,,,,,,,,,,,,,,,,
1368,tt0083944,/bbYNNEGLXrV3lJpHDg7CKaPscCb.jpg,,,,,,,,,,,,,,,,
1369,tt0089880,/dWMnmw2nJ0bCK62W1JCNXvUQQKC.jpg,,,,,,,,,,,,,,,,
1370,tt0095956,/oCD41FfUs1OMCdPaf5EcJ6dxxMW.jpg,,,,,,,,,,,,,,,,
1371,tt0084602,/ns55NGqTDEEjcI9z2a9htA2cFtG.jpg,,,,,,,,,,,,,,,,
1372,tt0450259,/wRamTzV6udKaMXrspxqOuo02zk0.jpg,,,,,,,,,,,,,,,,
1373,tt0251052,/lYobbQHa08PpXB6GdCVdkoKNGXp.jpg,,,,,,,,,,,,,,,,
1374,tt0089927,/edI4vIemJ5NwIORVbGtLdbJA2ih.jpg,,,,,,,,,,,,,,,,
1375,tt0100507,/mamE1mVcWyJuxdPuGTISaB6KrX0.jpg,,,,,,,,,,,,,,,,
1376,tt0313670,/y4qzkGdeTZvKXVULxRGhLtNWToP.jpg,,,,,,,,,,,,,,,,
1377,tt0051745,/2IwzjYhM3aFfXyQZiP5I8Ci3GhA.jpg,,,,,,,,,,,,,,,,
1378,tt0367027,/iaS9XXoHW6ZVveu6wpLaTv1Bv29.jpg,,,,,,,,,,,,,,,,
1379,tt0458242,/xJlm8eieXY9ciNPSUsSDFaOCq4M.jpg,,,,,,,,,,,,,,,,
1380,tt0097438,/aXFBVIY2i3HETfBGvRojg3RRt3C.jpg,,,,,,,,,,,,,,,,
1381,tt0414993,/lGIJvQ8ZQazOHVAA0E34yIy7gxv.jpg,,,,,,,,,,,,,,,,
1382,tt0415978,/aIAPgrDKjr2joz2KxQZO2wm0BxT.jpg,,,,,,,,,,,,,,,,
1386,tt0169173,/7yZKCiqMbHb9uFBg3OtRK4RAT8k.jpg,,,,,,,,,,,,,,,,
1387,tt0094075,/1JYPLVtOrkYNKplhrYrn0OETzM6.jpg,,,,,,,,,,,,,,,,
1388,tt0094300,/fFr3uRHQjm2fZat5NNi9kAhehaQ.jpg,,,,,,,,,,,,,,,,
1389,tt0120780,/hSL2Ta4ErgAxPEOlkkxZmrTSAET.jpg,,,,,,,,,,,,,,,,
1391,tt0245574,/lA52Zr0MGkCDDAzwno9ruCjDwK0.jpg,,,,,,,,,,,,,,,,
1392,tt0388789,/gteL79uWvdec9Me0mCNHxI1kZdn.jpg,,,,,,,,,,,,,,,,
1393,tt0432325,/ekAYwaxY9OAZUhe3Ej9RHJk1CTB.jpg,,,,,,,,,,,,,,,,
1394,tt0086022,/mSrfyFGeSZ58sfDvtVz8TvTQyfX.jpg,,,,,,,,,,,,,,,,
1396,tt0072443,/37EBRMPRpF49t2gDvr2ybXkVKYa.jpg,,,,,,,,,,,,,,,,
1397,tt0985019,null,,,,,,,,,,,,,,,,
1398,tt0079944,/ezt0Z9wIcPIxiks0J4dm8zJn575.jpg,,,,,,,,,,,,,,,,
1402,tt0454921,/iMNp6gTeDBXbzjKRNYtorxZ76G2.jpg,,,,,,,,,,,,,,,,
1403,tt0060355,/x7hHrS9iFovvVsVPNtWJpbVd7N4.jpg,,,,,,,,,,,,,,,,
1404,tt0380366,/AuhevZysRpWVOTCj8hZpL5ynlCx.jpg,,,,,,,,,,,,,,,,
1405,tt0015881,/cYy8vLywLzik1zpLDuD42ZNKdwS.jpg,,,,,,,,,,,,,,,,
1406,tt0101587,/tdOHDekHHGyjcR3Ay6WQ6uiFHoz.jpg,,,,,,,,,,,,,,,,
1407,tt0450188,/xJMbQkNKt85ZSIh4HucDwENL8dq.jpg,,,,,,,,,,,,,,,,
1408,tt0112760,/1rxzPhTdge0S5VIZPblFPOtn4dw.jpg,,,,,,,,,,,,,,,,
1410,tt0069945,/hLnYs90BBYBRXpmYQUIPgIKZxvF.jpg,,,,,,,,,,,,,,,,
1411,tt0102757,/o7tPvjQjSmHN8RnRCWhUsCC1EbQ.jpg,,,,,,,,,,,,,,,,
1412,tt0098724, and Videotape,,,,,,,,,,,,,,,,
1413,tt0107468,/c7oXl40SpsPifAePUiI1KcGu0SX.jpg,,,,,,,,,,,,,,,,
1414,tt0133363,/4HRUZYCAXN1W3C0qgJpAWbp7nNo.jpg,,,,,,,,,,,,,,,,
1415,tt0320244,/5mkzsFJVkKXMiGxKsGTXEsxfpJr.jpg,,,,,,,,,,,,,,,,
1416,tt0341384,/ji3g52raY5k12bAlIbIkkEEtz4V.jpg,,,,,,,,,,,,,,,,
1417,tt0457430,/t0TDsqbCTgSi0AL7k4baZrOYYhi.jpg,,,,,,,,,,,,,,,,
1418,tt0350193,/bGZrvpZeOk5TlmcLJnmNCPDEnmo.jpg,,,,,,,,,,,,,,,,
1419,tt0890888,/41EsLkSWhpCJ0hNGo5A2L0WsZ6C.jpg,,,,,,,,,,,,,,,,
1420,tt0411195,/tIQ4ZuEW6DBrUtYVsJhwEPxZ5Td.jpg,,,,,,,,,,,,,,,,
1421,tt0076155,/vx5PU9eNifB0izXcP9NdBujobBe.jpg,,,,,,,,,,,,,,,,
1422,tt0407887,/tGLO9zw5ZtCeyyEWgbYGgsFxC6i.jpg,,,,,,,,,,,,,,,,
1423,tt1344607,/gxFEX0ujPaKqZFSJjgQ64gQwt0l.jpg,,,,,,,,,,,,,,,,
1424,tt0368089,/mPUGbX53WFnMerZkgRSSFzkrzNr.jpg,,,,,,,,,,,,,,,,
1426,tt0490174,null,,,,,,,,,,,,,,,,
1427,tt0396171,/zC9JHS6NlkJKPYFxOOqBl7fQCjT.jpg,,,,,,,,,,,,,,,,
1428,tt0285823,/j3Mz1jaM3MVr5K1Ijh5D2T93VF2.jpg,,,,,,,,,,,,,,,,
1429,tt0307901,/hf3KpQ13Z8HS0ZodzooMiR8PBqD.jpg,,,,,,,,,,,,,,,,
1430,tt0310793,/eQLThQmmiCyEoGDr1MdNGYOjU0M.jpg,,,,,,,,,,,,,,,,
1433,tt0256009,/e9UizPFgoCnRCPtR0tyg2JNXY6A.jpg,,,,,,,,,,,,,,,,
1435,tt0390538,/8kAAZ2mC2uUd4D95CbdYUsikcju.jpg,,,,,,,,,,,,,,,,
1436,tt0275083,/5mlJbhh9SIVNG8KAxsnNYTMMHeg.jpg,,,,,,,,,,,,,,,,
1437,tt0388679,/mHZUHrBy1K0A6Kexpx7iUwglfim.jpg,,,,,,,,,,,,,,,,
1438,tt0940833,null,,,,,,,,,,,,,,,,
1439,tt0166485,/518WmPyfc9YcnFiehqCiyGgbhmt.jpg,,,,,,,,,,,,,,,,
1440,tt0404203,/225OXhGllrBJ6FWaYyiosxDU1us.jpg,,,,,,,,,,,,,,,,
1441,tt0445946,/a66bDag0gQrFWycqfKbImacUFbV.jpg,,,,,,,,,,,,,,,,
1442,tt0954937,/wg3q1X3Yj5jDlE00BhzPuiCFQ7m.jpg,,,,,,,,,,,,,,,,
1443,tt0159097,/uokfCMwTIyYaXfo3KoNSmzvjXn1.jpg,,,,,,,,,,,,,,,,
1444,tt0418773,/cG1HyoRoODEjSSQn5WJUDJn2LrS.jpg,,,,,,,,,,,,,,,,
1448,tt0120894,/dDSOm4wRRbC2tSvhPtPcLeVZjvf.jpg,,,,,,,,,,,,,,,,
1450,tt0806027,/cchu94PVGceYyjl73SToIVRYNba.jpg,,,,,,,,,,,,,,,,
1452,tt0348150,/fTWi7V04VrtDj0hm1YDJYK4VpJW.jpg,,,,,,,,,,,,,,,,
1479,tt0106579,NULL,,,,,,,,,,,,,,,,
1480,tt0052311,/4fkBpBB461nZhee5vb8uVsiBAQM.jpg,,,,,,,,,,,,,,,,
1481,tt0110500,/q6sQKXTzQVKLYXxXtkvaJq8husw.jpg,,,,,,,,,,,,,,,,
1482,tt0104693,/dDFVceVbXLnJNZnx6F0pr2J3zyk.jpg,,,,,,,,,,,,,,,,
1483,tt0101420,/zMblKkXheWIzwrnKlUIWEX1eq4E.jpg,,,,,,,,,,,,,,,,
1484,tt0114704,/udChzKJYY8xNhg1zToO4HVSJ8k9.jpg,,,,,,,,,,,,,,,,
1485,tt0067128,/mVDDWvu5PNVFaf6JCqIuj1HmZ1C.jpg,,,,,,,,,,,,,,,,
1487,tt0167190,/3fAWzI9MUosggdGMu7EaDhn44m6.jpg,,,,,,,,,,,,,,,,
1488,tt0461804,/cAp4rjRpYCaQqhYiKvYvN8aRDCA.jpg,,,,,,,,,,,,,,,,
1489,tt0990406,null,,,,,,,,,,,,,,,,
1490,,null,,,,,,,,,,,,,,,,
1491,tt0443543,/sRYw9oAiporMpq1GWcYHqmpdeAO.jpg,,,,,,,,,,,,,,,,
1492,tt0103594,/3N2JUkPxGPhnNEbN8KsN8ukOomN.jpg,,,,,,,,,,,,,,,,
1493,tt0212346,/mILq93mndRkMRz1MgaKqD3WpR1d.jpg,,,,,,,,,,,,,,,,
1494,tt0473444,/8JGOTkKOCqSfAwIMPQKF0K44lUW.jpg,,,,,,,,,,,,,,,,
1495,tt0320661,/d9GYuT9aMoDi4MPTKYe4M2PwUm4.jpg,,,,,,,,,,,,,,,,
1496,tt0101615,/kt6svEFscOUkisIeIlicpzmp3BC.jpg,,,,,,,,,,,,,,,,
1497,tt0103060,/HD4LtUw4Ono9tzgwWOhHpHcjkj.jpg,,,,,,,,,,,,,,,,
1498,tt0100758,/cok0SSxmD7fYeZj6l9XOr2mb0YL.jpg,,,,,,,,,,,,,,,,
1499,tt0108308,/bax6hItUe0XSeyO25J5V7hhgkkZ.jpg,,,,,,,,,,,,,,,,
1523,tt0455590,/rgJa3DRf8L2EnYKr5ZRMpuQn0s2.jpg,,,,,,,,,,,,,,,,
1534,tt0446013,/1gN8kJYFjyAOL3cR1z6lnMkElfb.jpg,,,,,,,,,,,,,,,,
1535,tt0266987,/hsb8hBeU3tkTX8SUYW6YYw6JPYD.jpg,,,,,,,,,,,,,,,,
1537,tt0264472,/dCTVH1kl3aIkUmWpMT5STLAwsPs.jpg,,,,,,,,,,,,,,,,
1538,tt0369339,/fmkv2eRuYCTq7A5jzMBNgoNe1vA.jpg,,,,,,,,,,,,,,,,
1539,tt0448009,/seNiggJUF4E0hzzYFhaAcKjUZVp.jpg,,,,,,,,,,,,,,,,
1540,tt0381690,/uyl698OfXHAiM6X1eZgPI7lbmE9.jpg,,,,,,,,,,,,,,,,
1541,tt0103074,/29Do6f2m5h8tat9qt66OOMl2bsg.jpg,,,,,,,,,,,,,,,,
1542,tt0151804,/iO9aZzrfmMvm3IqkFiQyuuUMLh2.jpg,,,,,,,,,,,,,,,,
1543,tt0424992,/aW7KJ00BLPvmMTnucAJLODyp22V.jpg,,,,,,,,,,,,,,,,
1544,tt0421994,/6IXVDZOpqThs3GTPix4ImwrTVb7.jpg,,,,,,,,,,,,,,,,
1546,tt0318761,/8Kx2g2ri5qOAlwqqIG8NTDUT23X.jpg,,,,,,,,,,,,,,,,
1547,tt0093437,/evo7oiay9qDUzY510VhrB3YzyJs.jpg,,,,,,,,,,,,,,,,
1548,tt0162346,/2qdw5cGpXcG56j5pWU4e6UYKk0v.jpg,,,,,,,,,,,,,,,,
1549,tt0338977,/foY6i3HTlhKKSSdmjer4ypR5bjx.jpg,,,,,,,,,,,,,,,,
1550,tt0311648,/ccDS002s5Aavb1qCjlx379jmHXu.jpg,,,,,,,,,,,,,,,,
1551,tt0099582,/3CoUzgCU8kR2UCXovrvfNAjvWkI.jpg,,,,,,,,,,,,,,,,
1552,tt0098067,/yHctYQeDL9AcuK79rY1dEgrcPVf.jpg,,,,,,,,,,,,,,,,
1553,tt0411270,/47zfk5IIrbupXbw6DFay25vY1cR.jpg,,,,,,,,,,,,,,,,
1554,tt0090967,/yqNZ9wPBCHt22tc3l4Nvw627DDO.jpg,,,,,,,,,,,,,,,,
1555,tt0283900,/fYW26Vt8JOep3sLHFMw0rwSI256.jpg,,,,,,,,,,,,,,,,
1556,tt0064068,/mimlYQP9cnb9mA4kak6kEEgzyGn.jpg,,,,,,,,,,,,,,,,
1558,tt0325734,/zYwUAXvLRZx9eiR89Wy5Mx2sXt7.jpg,,,,,,,,,,,,,,,,
1559,tt0072235,/ftOtiQPpH3cMCCR0Wp0nnsGm8RJ.jpg,,,,,,,,,,,,,,,,
1560,tt0100623,/9Arf8w8SbOdY9zvXqGzIrRCRUDZ.jpg,,,,,,,,,,,,,,,,
1561,tt0061996,/2jlGE69Wl8kHhvP7EmeoOmVBR1T.jpg,,,,,,,,,,,,,,,,
1562,tt0463854,/kcJ99AtUykDhpzfQOApsViQa3fj.jpg,,,,,,,,,,,,,,,,
1563,tt0084628,/3L5sW2hGHQmNfVBdOsonSfGzSrN.jpg,,,,,,,,,,,,,,,,
1564,tt0045673,/xlRQt4LAut82VTjkvAd0TQo6dRh.jpg,,,,,,,,,,,,,,,,
1566,tt0052654,/frZsN12LNj62nnW11D3I06eC5O4.jpg,,,,,,,,,,,,,,,,
1567,tt0157016,/6VsYFr7gsNfGMyiji4tyObEvxzD.jpg,,,,,,,,,,,,,,,,
1568,tt0218871,/hw9jfCXAnqlTFIHzCc2LPEvN58G.jpg,,,,,,,,,,,,,,,,
1569,tt1540987,/mCoPQOR256CjgPz09a5PzhfWikb.jpg,,,,,,,,,,,,,,,,
1571,tt0337978,/pHWgbaXiQD2nmex7u8Xv6XmhaZS.jpg,,,,,,,,,,,,,,,,
1572,tt0112864,/ivpXGcsPZglyYrN65THWSD7JM3q.jpg,,,,,,,,,,,,,,,,
1573,tt0099423,/zSgL998DXaljsCmwQuwDM8Ak4rV.jpg,,,,,,,,,,,,,,,,
1574,tt0299658,/18pCc2XZ5MO7wsywOYEbhoeuxNw.jpg,,,,,,,,,,,,,,,,
1576,tt0120804,/fttmSgLEOdBNwQepW2lC6t0mbOm.jpg,,,,,,,,,,,,,,,,
1577,tt0318627,/iSuDk6sbkbjnLfB5rftMlyiJfh4.jpg,,,,,,,,,,,,,,,,
1578,tt0081398,/3cgzzWsUOBlNjmA5m4qs9BGkezC.jpg,,,,,,,,,,,,,,,,
1579,tt0472043,/5BTFXR96hcBzmJvd9FwNayV79Xu.jpg,,,,,,,,,,,,,,,,
1580,tt0040746,/9UlEZpKqJPoaFu1OfHM3BohSRUo.jpg,,,,,,,,,,,,,,,,
1581,tt0457939,/ixNtpuq8OVp4IckgzkSJIflFDkw.jpg,,,,,,,,,,,,,,,,
1583,tt0258760,/2oOiWdMgZL18JIUilikNhuAwehB.jpg,,,,,,,,,,,,,,,,
1584,tt0332379,/cREN222Yw78zvSQ9bg17Y9QZS0c.jpg,,,,,,,,,,,,,,,,
1585,tt0038650,/qZJ6d1SDsfoztmBfStwkBeTaOwG.jpg,,,,,,,,,,,,,,,,
1586,tt0363988,/f5t7Df50xjniLlE80ty2dYsZBqI.jpg,,,,,,,,,,,,,,,,
1587,tt0108550,/xTRRw69N4vsccTY0TDB9FqZY5ld.jpg,,,,,,,,,,,,,,,,
1588,tt0204946,/yg0O6eGgrumDZ1bht3pqMjNaWon.jpg,,,,,,,,,,,,,,,,
1589,tt0337631,/zHFYubK4XoG9L2rdWjNf4ODWvo8.jpg,,,,,,,,,,,,,,,,
1590,tt0424908,/jxyqka5Wfcdt7FZ3r9q6ZmGCcRP.jpg,,,,,,,,,,,,,,,,
1591,tt0161860,/qczbnkRh59p3thNOHMQ3Ko3EgEK.jpg,,,,,,,,,,,,,,,,
1592,tt0117381,/jaDUxqDju6zqoADVKvZo2OunoRC.jpg,,,,,,,,,,,,,,,,
1593,tt0477347,/NUbCSwy2EQ9Z6psUjPqr3WdVI2.jpg,,,,,,,,,,,,,,,,
1594,tt0058586,/eIHCtW49NgGr4s0WEfpSGFBrJCv.jpg,,,,,,,,,,,,,,,,
1595,tt0382357,/bGtFOtvHFaHJbFR5aIg6LCkawS8.jpg,,,,,,,,,,,,,,,,
1596,tt0462482,/qri5EI0sQDkCSTacJiBWMq8FvXz.jpg,,,,,,,,,,,,,,,,
1597,tt0212338,/wVjtQtzv9IcNRGnOOdcK797Sdxx.jpg,,,,,,,,,,,,,,,,
1598,tt0101540,/4KvrvcqckdupXXO2YnANtyG7QLK.jpg,,,,,,,,,,,,,,,,
1599,tt0356721,/ixBOn4knr5kN72ui1ZeWBBZLDOe.jpg,,,,,,,,,,,,,,,,
1600,tt0101765,/CuBNIdRCfFbTQTZtK0G99mxI42.jpg,,,,,,,,,,,,,,,,
1607,tt0106489,/wlYIwDwk53R4h0uMnpK1NAhHqdg.jpg,,,,,,,,,,,,,,,,
1608,tt0114917,/dbGW26e5T8Uki9z37gTZ5iuXXSz.jpg,,,,,,,,,,,,,,,,
1609,tt0238660,/kPXi6FjTLhM7aoHjdz7FWrqiWS6.jpg,,,,,,,,,,,,,,,,
1610,tt0119114,/eojvUxccpCNbg4lP99pn6Z0j7sR.jpg,,,,,,,,,,,,,,,,
1611,tt0326429,/xPz6pOU2OuYMR9uohCXDWUTM6mW.jpg,,,,,,,,,,,,,,,,
1612,tt0225824,/t9DYS5j5YCLUWaqi9CtypFWzmqm.jpg,,,,,,,,,,,,,,,,
1613,tt0227984,/wh7oKqAsNqpNcpFiW6LrH4Z79Ga.jpg,,,,,,,,,,,,,,,,
1615,tt0293124,/qqG1e4tzI5nygCDFrvhYWuu4nWE.jpg,,,,,,,,,,,,,,,,
1616,tt0427219,/kExqRxe2UU2fZOEJjNgPAOFl0SZ.jpg,,,,,,,,,,,,,,,,
1618,tt0149151,/xCIPFFTSr84SxiU8BaEmpVxDCNZ.jpg,,,,,,,,,,,,,,,,
1619,tt0202677,/zLMZxrVeepvtAbL3iUGexAtznmT.jpg,,,,,,,,,,,,,,,,
1620,tt0465494,/1U2FpMotSyaciATw5qfEsKdgpX4.jpg,,,,,,,,,,,,,,,,
1621,tt0086465,/6HS7QG5aR0tZ9JHORs7DMtyqCDr.jpg,,,,,,,,,,,,,,,,
1622,tt0415932,/jXtPFxuVAEjjbagAnXoIDU9gKdO.jpg,,,,,,,,,,,,,,,,
1623,tt0080474,/dNhyjHDUUx9TSlEpFj8zko9x2Au.jpg,,,,,,,,,,,,,,,,
1624,tt0119528,/qd8VcWKrE4cNfInl9Osb8o8h9KP.jpg,,,,,,,,,,,,,,,,
1626,tt0056663,/baz1c9dzsf5uhNuUYhXy7eudNJd.jpg,,,,,,,,,,,,,,,,
1627,tt0064285,/e2YaW0uTaP8s1YRORn4mKroNKQD.jpg,,,,,,,,,,,,,,,,
1628,tt0055032,/jP2ttnz3qPiFZtpYMmUsUuWdGCh.jpg,,,,,,,,,,,,,,,,
1629,tt0061473,/j9RwOcVFgPD3L9ktoUOYuejquJa.jpg,,,,,,,,,,,,,,,,
1630,tt0117318,/9F1eO4vH7yseGQEovIkXOm3Hrtq.jpg,,,,,,,,,,,,,,,,
1631,tt0135024,/39AriYTuZbwsMrTMc72mkO8dbVh.jpg,,,,,,,,,,,,,,,,
1632,tt0095647,/uSukdUQwx0l4rRuMXNqugR1tu4n.jpg,,,,,,,,,,,,,,,,
1633,tt0101921,/3hSjDfJcaicSLyivGzm1xMaoQ6Y.jpg,,,,,,,,,,,,,,,,
1634,tt0106965,/vIjiTSNA52VGGP9eeegNaMKXNhf.jpg,,,,,,,,,,,,,,,,
1635,tt0399201,/erprD7GIkvZz2KM4Z35eyTJKZMI.jpg,,,,,,,,,,,,,,,,
1636,tt0230030,/bgDOE1eyvi786a8vKV8rDwrAH6U.jpg,,,,,,,,,,,,,,,,
1637,tt0111257,/bDLiyoxdK8mZHaeYVOxMZj7WGkb.jpg,,,,,,,,,,,,,,,,
1639,tt0120179,/iHktqeAGoJpENiiuXfsXaHmhr7D.jpg,,,,,,,,,,,,,,,,
1640,tt0375679,/pG8LL4LYMCr5uikhx9rewrW8352.jpg,,,,,,,,,,,,,,,,
1641,tt0141098,/g1w3I72XTZ604Luhv8MEpTLLoU7.jpg,,,,,,,,,,,,,,,,
1642,tt0113957,/gKDNaAFzT21cSVeKQop7d1uhoSp.jpg,,,,,,,,,,,,,,,,
1643,tt0070849,/6ppSHkDe7CoxyvFEc6JILuKnAu0.jpg,,,,,,,,,,,,,,,,
1644,tt0108473,/7RgHejzJKEv94LGHQzhQGk4vwzb.jpg,,,,,,,,,,,,,,,,
1645,tt0117913,/sCHK5jHhRcrXZvZDekZXvRkDOHc.jpg,,,,,,,,,,,,,,,,
1646,tt0463998,/fPE30sDhrgkBEeJKRCsPERP3wQ9.jpg,,,,,,,,,,,,,,,,
1647,tt0292506,/hQuFWLIKUwWUWYhk6KHsBOKKeHc.jpg,,,,,,,,,,,,,,,,
1648,tt0096928,/b2yKJ1STPklVSRtso2Tg4TPXK7u.jpg,,,,,,,,,,,,,,,,
1649,tt0101452,/svSPrV7o3pSwuuJcDrDLH1wNF8a.jpg,,,,,,,,,,,,,,,,
1650,tt0263329,/5iFVUCmxqknQFLt8wYTekpVhtVe.jpg,,,,,,,,,,,,,,,,
1651,tt0064990,/hCrArdnyK3FEKtpsRtR9nUWeB47.jpg,,,,,,,,,,,,,,,,
1652,tt0109000,/2FBgfxKMWmHF4HsUmzdv00sKQdk.jpg,,,,,,,,,,,,,,,,
1653,tt0318462,/wGwnX2FVakJEk2aTzG29DXfJLWK.jpg,,,,,,,,,,,,,,,,
1654,tt0061578,/5SawqeuARDbUPrFohTulwd2PZ2N.jpg,,,,,,,,,,,,,,,,
1655,tt0119932,/iFvQz3WXtoN7VnRYEf4S4Tarm6H.jpg,,,,,,,,,,,,,,,,
1656,tt0386140,/rH3WJbSE3APS1l1hTXZZbz3NVP1.jpg,,,,,,,,,,,,,,,,
1658,tt0466634,NULL,,,,,,,,,,,,,,,,
1659,tt0108317,/dijP16u288nHOAHre6D4i09VrOH.jpg,,,,,,,,,,,,,,,,
1660,tt0074152,/jmj7ZsBP9fN6Ji6QhpIfHVQZyu8.jpg,,,,,,,,,,,,,,,,
1661,tt0177507,/r9PsrHr1EmpJEzpJO0uqUxgOSvq.jpg,,,,,,,,,,,,,,,,
1662,tt0100685,/5vwP5vUBqizNI5O7UU6mAgkTkGa.jpg,,,,,,,,,,,,,,,,
1663,tt0057718,/lHvaXMDSsn8t4BEzJCDPduKGxyE.jpg,,,,,,,,,,,,,,,,
1665,tt0403217,/zNv8Jy1WP94tBE63OSAXuNUcBpG.jpg,,,,,,,,,,,,,,,,
1666,tt0799954,/9TuQpnDXEfnAvcbjAW9WEQWCTIS.jpg,,,,,,,,,,,,,,,,
1667,tt0428803,/aocUVKlBV0JHbg0IZuEN1uTTXjs.jpg,,,,,,,,,,,,,,,,
1669,tt0099810,/bqvlKYlWq2uibsuVzKTWseeccd2.jpg,,,,,,,,,,,,,,,,
1670,tt0061795,/rBwQQq7FBC83zohXFLExZg1FSbM.jpg,,,,,,,,,,,,,,,,
1672,tt0082949,/lcqPvmGXmkGwhr5fIox6ZEyol4m.jpg,,,,,,,,,,,,,,,,
1673,tt0053729,/5be8tXSibDcrX3cCKbe3uNxrunk.jpg,,,,,,,,,,,,,,,,
1675,tt0070460,/aerF4eDsrSWZWPfJ7svnrIXkWZD.jpg,,,,,,,,,,,,,,,,
1676,tt0063811,/qaQdtZCJL5G6gGMCCsZOYEXxNIG.jpg,,,,,,,,,,,,,,,,
1677,tt0350258,/fPDsBL0MdegEvyPhim9b5srHOqG.jpg,,,,,,,,,,,,,,,,
1678,tt0047034,/ja3fAoKDVbApKuAd55HoAGTdr3f.jpg,,,,,,,,,,,,,,,,
1679,tt0048127,/hz7qYQiYqxItCDgYGW4Q8GqLEGS.jpg,,,,,,,,,,,,,,,,
1680,tt0056142,/pyf3DWaSCy8nLHgUijCME8CkIIt.jpg,,,,,,,,,,,,,,,,
1682,tt0058379,/7XdeTfAEEeK6L485Aa9qw99wk2J.jpg,,,,,,,,,,,,,,,,
1683,tt0444682,/wwpI649fFYWaOhit5O1WLsFuHOI.jpg,,,,,,,,,,,,,,,,
1684,tt0949502,/iUKdOlRzyRsqaTVPGGkSsQ7Sgmx.jpg,,,,,,,,,,,,,,,,
1685,tt0065462,/qxlKNC2nPZfmQzWeRq7kQmZVGB1.jpg,,,,,,,,,,,,,,,,
1686,tt0061465,/bTyALg0Ko7GfwEH2ZiDUr4cJqc.jpg,,,,,,,,,,,,,,,,
1687,tt0067065,/yOnN43HdxvV5h5U4qsGIfeUL0Zv.jpg,,,,,,,,,,,,,,,,
1688,tt0068408,/wxanhJ9ZuZ05P4J2hkC1M1rA0dv.jpg,,,,,,,,,,,,,,,,
1689,tt0107426,/7c3hy4V8ZPyvhHdhO3JnduGmLu0.jpg,,,,,,,,,,,,,,,,
1690,tt0450278,/zF3pEs1CUbjPgioxDH4h2MEHsWl.jpg,,,,,,,,,,,,,,,,
1691,tt0498353,/fRRjGgHCh6dWvRn1wSbv2VMO6JL.jpg,,,,,,,,,,,,,,,,
1693,tt0365513,/pxm2HKFwUpq5dFjfCPt5nDm94IL.jpg,,,,,,,,,,,,,,,,
1694,tt0089885,/hJnP2O0uTuh8HsR094WLTi3sQwc.jpg,,,,,,,,,,,,,,,,
1696,tt0395584,/fj4rrpUlBpFjPaJecpjID6yqacx.jpg,,,,,,,,,,,,,,,,
1697,tt0780180,/ywzCOgNP9vfwQvgion1zqaOEfL.jpg,,,,,,,,,,,,,,,,
1698,tt0187696,/xVvMgM0WTARC5RMj7JjqtVZh22f.jpg,,,,,,,,,,,,,,,,
1699,tt0312358,/m1Yje32iUrAvYuLqgJNL34f3I4a.jpg,,,,,,,,,,,,,,,,
1700,tt0100157,/s0Ot5zUmVF1jSN9WpBHRafvUPld.jpg,,,,,,,,,,,,,,,,
1701,tt0118880,/yhaOQ7xXw0PLHLvg1w0M9zlPdg6.jpg,,,,,,,,,,,,,,,,
1702,tt0109575,/yg9zyB7CgbfUTXY0FQb2rUB0HYa.jpg,,,,,,,,,,,,,,,,
1705,tt0069768,/2tx8XXPU6lSerxDnIhYwror52LV.jpg,,,,,,,,,,,,,,,,
1710,tt0112722,/80czeJGSoik22fhtUM9WzyjUU4r.jpg,,,,,,,,,,,,,,,,
1711,tt0131502,/foUu0q9wyoK0h3d9mgGkXjdlXZf.jpg,,,,,,,,,,,,,,,,
1712,tt0049261,/e9PdwBHNgxlhgqUu1o1e53Vk0OR.jpg,,,,,,,,,,,,,,,,
1713,tt0102175,/eSWv0PSnBqQbSBzce6iaDFkf6T9.jpg,,,,,,,,,,,,,,,,
1714,tt0060390,/rcy2czarYgMZxyyXjvt9OWK0bd.jpg,,,,,,,,,,,,,,,,
1715,tt0124315,/lgRNj2qa6EWPqJQmtejkGKBZkvm.jpg,,,,,,,,,,,,,,,,
1716,tt0080610,/njA3RAhkYdqZQFgVoUMw76nkSbO.jpg,,,,,,,,,,,,,,,,
1717,tt0405676,/rnmq4QBAWhxULd12PhlCFa1RjHa.jpg,,,,,,,,,,,,,,,,
1718,tt0033021,/9b0zNSfG1mS1GSXSE4HfxQhvcMc.jpg,,,,,,,,,,,,,,,,
1719,tt0058458,/wnnZuoN7i7MqkO3rr81fFCaKyZ7.jpg,,,,,,,,,,,,,,,,
1720,tt0351461,/iQV5zJCKWqgctwgm6bKdbpbnL7H.jpg,,,,,,,,,,,,,,,,
1721,tt0069095,/hfra5i11GjZf0pdwseA2OUDZkR5.jpg,,,,,,,,,,,,,,,,
1722,tt0238112,/kKDQgPvxf0hjjlnKPp3oGblDsZR.jpg,,,,,,,,,,,,,,,,
1723,tt0074554,/yM9UjgN7SkFRUTbYZcJ8o4L3Dpy.jpg,,,,,,,,,,,,,,,,
1724,tt0800080,/qTghl3lO8PhmIxkf8eN5WQQefHI.jpg,,,,,,,,,,,,,,,,
1725,tt0055614,/zRQhCSREdR9h4OzEVvwhdlZNZ6m.jpg,,,,,,,,,,,,,,,,
1726,tt0371746,/s2IG9qXfhJYxIttKyroYFBsHwzQ.jpg,,,,,,,,,,,,,,,,
1727,tt0099141,/tvQOyGckGgP6JOmUm5ypN9HHoHx.jpg,,,,,,,,,,,,,,,,
1729,tt0865556,/4jTVS5uij49cqzLKXjaQywIp7cV.jpg,,,,,,,,,,,,,,,,
1730,tt0460829,/xQKF94NvqsHCuGUjgvJ5Etgnryu.jpg,,,,,,,,,,,,,,,,
1731,tt1012729,/gASJ1iahvLS6ivFG0vi6aLy3pT6.jpg,,,,,,,,,,,,,,,,
1732,tt0079753,/8Ci5Ccx79gYjEEyXGu52PMFsHCv.jpg,,,,,,,,,,,,,,,,
1734,tt0209163,/hioiYUZVIuYIhagDGhIAjyNEUu0.jpg,,,,,,,,,,,,,,,,
1735,tt0859163,/53hrZvxiV3HgG6pdhuMeErIc7Hg.jpg,,,,,,,,,,,,,,,,
1736,tt0805613,/dbBiYUJqKjUTN2luM2kc8lg8X7Y.jpg,,,,,,,,,,,,,,,,
1738,tt0435705,/lYqsINoop9spG1FV4SjxXvcYfss.jpg,,,,,,,,,,,,,,,,
1739,tt0051185,/joVSYu1wstKJe5vKEFRvf4DHCOc.jpg,,,,,,,,,,,,,,,,
1740,tt0300237,/aSsVLOHIeDjb6HqrJp11WrxYLzs.jpg,,,,,,,,,,,,,,,,
1770,tt0117039,/kToN6lKO4NGoVoMcdPFWzPadrkg.jpg,,,,,,,,,,,,,,,,
1771,tt0458339,/dlIPGXPxXQTp9kFrRzn0RsfUelx.jpg,,,,,,,,,,,,,,,,
1772,tt0101588,/cVMP2A2x5kPQMghsCBKeqJOPDRy.jpg,,,,,,,,,,,,,,,,
1773,tt0022626,/rA6Iubjxc3hjxQ4K3o45f0e1mVY.jpg,,,,,,,,,,,,,,,,
1774,tt0124295,/aFLY07Lf4lCLj8sN5LUp5jyZyRj.jpg,,,,,,,,,,,,,,,,
1775,tt0109370,/qnKARYBofUzHkBY8x9GWSNSoota.jpg,,,,,,,,,,,,,,,,
1776,tt0486358,/jNw27Zj3BwYtqGlbKSXYu69OCRV.jpg,,,,,,,,,,,,,,,,
1777,tt0361596,/vZYGLqVV4qnAknyxnFrhDQNl1SS.jpg,,,,,,,,,,,,,,,,
1778,tt0309326,/uHq3eH0OpMPhlKOGCUrv6gq11JJ.jpg,,,,,,,,,,,,,,,,
1779,tt0098213,/kTaqM1mxJCgDq7nhc7zHvtR3LPk.jpg,,,,,,,,,,,,,,,,
1781,tt0497116,/yhsevNFscOH8YA90vsldYwzqkQt.jpg,,,,,,,,,,,,,,,,
1782,tt0940580,/fDiXPlwZ9cmzUk1XId3UIhbNbhe.jpg,,,,,,,,,,,,,,,,
1783,tt0243609,/2SxOsGKDmbx1Um0p3aaeE94Lqk0.jpg,,,,,,,,,,,,,,,,
1785,tt0097884,/zhWgqtSOWmxckHMjJRCxJqjqfSN.jpg,,,,,,,,,,,,,,,,
1786,tt0092593,/yg3Vl5uVW846arPaXP5aMDJij2v.jpg,,,,,,,,,,,,,,,,
1787,tt0062728,/4Z2UO4xayoaMsb5DqXy3YzztpDR.jpg,,,,,,,,,,,,,,,,
1788,tt0087277,/79iEen28ai1rsXvOVWRJuHrsexO.jpg,,,,,,,,,,,,,,,,
1789,tt0052837,/cLkBIYhwfkdNmgmIqBvu2T9ijZa.jpg,,,,,,,,,,,,,,,,
1790,tt0064409,/BPBYqRfuJbZU4d23QcDeSB5FJf.jpg,,,,,,,,,,,,,,,,
1791,tt0254686,/mqBnlpJ3IaxUgYIR7mLglp9vIDz.jpg,,,,,,,,,,,,,,,,
1792,tt0338466,/8ar9RJsLL7JSWwvE020D9aATAge.jpg,,,,,,,,,,,,,,,,
1793,tt0085919,/7zSLwQGPgxTvFVcbNDIssjOlgxr.jpg,,,,,,,,,,,,,,,,
1802,tt0112769,/13ERRUQYR5Mz6YChJEH0RlPpaBN.jpg,,,,,,,,,,,,,,,,
1803,tt0086896,/3O7VwsGQdgqjChRxSZwPjjYND6m.jpg,,,,,,,,,,,,,,,,
1807,tt0363589,/AgSWtbb8zMtTyjHFP12QeRbQGD5.jpg,,,,,,,,,,,,,,,,
1808,tt0120879,/jhRPjcw24WK0RTPYT9IFEykwnKp.jpg,,,,,,,,,,,,,,,,
1809,tt0292644,/wZ8QnVrqicqIa4vlDC5nZ5rtoUK.jpg,,,,,,,,,,,,,,,,
1810,tt0045296,/ows0Wsey5GvoLc3QFqJgZ8lpabr.jpg,,,,,,,,,,,,,,,,
1811,tt0119809,/pF6MKCdME7Z2hvMkqY5vokRe408.jpg,,,,,,,,,,,,,,,,
1812,tt0162710,/66cKKKF7Esvh7kKErILr56lXl43.jpg,,,,,,,,,,,,,,,,
1813,tt0118971,/eSivb4EyOAyEum70mOSHtAWiUe3.jpg,,,,,,,,,,,,,,,,
1814,tt0496566,/fRy8n9XVCXcq0TxiutfhvHEKAQd.jpg,,,,,,,,,,,,,,,,
1815,tt0077234,/aXz5alyaP1VbLabDw7E5jSPYqpy.jpg,,,,,,,,,,,,,,,,
1816,tt0088915,/c5arRQMNLQt4lShS6RRdSIOmy9W.jpg,,,,,,,,,,,,,,,,
1817,tt0183649,/xIaUpPok8WFnr79EAvgtGsIaJzV.jpg,,,,,,,,,,,,,,,,
1818,tt0054389,/tdVpsYocOpJLNhU7lDFY2yTMZcY.jpg,,,,,,,,,,,,,,,,
1819,tt0463034,NULL,,,,,,,,,,,,,,,,
1824,tt0343660,/vKKdsaq3OomDvFdpPpWVg0L6gB9.jpg,,,,,,,,,,,,,,,,
1825,tt0093692,/rnAxGFrFaHemdjjFDQDtjOzV8z5.jpg,,,,,,,,,,,,,,,,
1826,tt0409184,/auglSZrIixKh65WCcVmBjDA8aVv.jpg,,,,,,,,,,,,,,,,
1829,tt0073114,/e5D3tTRVgoTGTmVt2yASZpHyVfc.jpg,,,,,,,,,,,,,,,,
1830,tt0399295,/nwPUI9WlYtDmE5VO6eEFCfrNXWl.jpg,,,,,,,,,,,,,,,,
1831,tt0156841,/9GzP7WODLwpwxl8WaVpziI68w2n.jpg,,,,,,,,,,,,,,,,
1832,tt0120655,/c4z6u46AyH3dflgVJLXHbo3lx0U.jpg,,,,,,,,,,,,,,,,
1833,tt0294870,/4KtXerHNKtCzVGahytBstctW69b.jpg,,,,,,,,,,,,,,,,
1834,tt0037101,NULL,,,,,,,,,,,,,,,,
1835,tt0072973,NULL,,,,,,,,,,,,,,,,
1836,tt0337961,/8NpTq2to71J1Z5dc4eB1s6kZBwa.jpg,,,,,,,,,,,,,,,,
1837,tt0227458,/bReVJs3tSsIOn6naXRwuhvdiDDu.jpg,,,,,,,,,,,,,,,,
1838,tt0425235,/wyY8Q1jAfMDEcim6OAP1zNZQysj.jpg,,,,,,,,,,,,,,,,
1839,tt0220967,null,,,,,,,,,,,,,,,,
1840,tt0039217,/96ljQ9JXX7rqdOJfKBUSeSUa8eg.jpg,,,,,,,,,,,,,,,,
1841,tt0039545,/nbfzLVIo4CvCTTifN7Vc5fEuEGh.jpg,,,,,,,,,,,,,,,,
1842,tt0068837,/s03MGZIuGTclq4PxQ4zZUmdW51p.jpg,,,,,,,,,,,,,,,,
1843,tt0388888,/oVjgiGLPm8V4WXyXLXZ1ne0HXFl.jpg,,,,,,,,,,,,,,,,
1844,tt0137494,/6IKmjW52qeMXx8xXMdX6RRshmY0.jpg,,,,,,,,,,,,,,,,
1845,tt0841044,/AiN3f2DNyHL6pPVDvGKSczx0pt0.jpg,,,,,,,,,,,,,,,,
1846,tt0064638,/nFWq8iPs9Pjdod5Ch7Ucj5lHaVK.jpg,,,,,,,,,,,,,,,,
1847,tt0070334,/oebPYg9XjHjsGzjWwrM8fuHkHOU.jpg,,,,,,,,,,,,,,,,
1848,tt0145400,/uBq1UxaUHAicnMAkOIrt4WOBoiL.jpg,,,,,,,,,,,,,,,,
1849,tt0057362,/7bOYh7WduqG3C0y3vWlg8sek34z.jpg,,,,,,,,,,,,,,,,
1850,tt0125664,/i6jNmO6vynStAy23KUhOwetX6Bs.jpg,,,,,,,,,,,,,,,,
1851,tt0077156,/bVaX9JRcL2QVDxEkBDHkmYrjvhn.jpg,,,,,,,,,,,,,,,,
1852,tt0469641,/hYbKIxMGqm0YaxGBYW52NbkYNAx.jpg,,,,,,,,,,,,,,,,
1853,tt0390123,/fAnL5RSnw4sNBck3idm4BKvJDXv.jpg,,,,,,,,,,,,,,,,
1854,tt0069660,null,,,,,,,,,,,,,,,,
1855,tt0060227,/bPXDbyUf3TtxoIS6Ad6BRosOTTL.jpg,,,,,,,,,,,,,,,,
1857,tt0092106,/a6v1mtEnhwBLI9q9ACbAGmHy6bb.jpg,,,,,,,,,,,,,,,,
1858,tt0418279,/bgSHbGEA1OM6qDs3Qba4VlSZsNG.jpg,,,,,,,,,,,,,,,,
1859,tt0031725,/pOL6e9TR6sj7gPV9xiPThxVveZK.jpg,,,,,,,,,,,,,,,,
1860,tt0096815,null,,,,,,,,,,,,,,,,
1861,tt0427925,null,,,,,,,,,,,,,,,,
1862,tt0082059,/pJtzlSvNODhq85MCLDxCkoqM1YI.jpg,,,,,,,,,,,,,,,,
1863,tt0065782,/AqtLv8VnICHD3bAXBQitMrG3gBH.jpg,,,,,,,,,,,,,,,,
1864,tt0065828,/4iC8WGLJRh2jgKZF2nHZ8YdGzP2.jpg,,,,,,,,,,,,,,,,
1865,tt1298650,/jUkGuSC9Kt29rW3x6UiB9zyZr1M.jpg,,,,,,,,,,,,,,,,
1868,tt0062686,/d4M37PlhB0Z21zxSoJfRguT8gmL.jpg,,,,,,,,,,,,,,,,
1870,tt0059168,/mVaHzujwXAVnBiN2kJbQZ77W69r.jpg,,,,,,,,,,,,,,,,
1871,tt0058089,/gQTEqpyBdZdWosLiYTRV1vsGQe6.jpg,,,,,,,,,,,,,,,,
1872,tt0389328,/cmeSYbH43Ga5BYsrt61sCPcnq6t.jpg,,,,,,,,,,,,,,,,
1873,tt0112495,/5CQgpLITPo33AEN1jULsyiHxSDJ.jpg,,,,,,,,,,,,,,,,
1874,tt0438859,/bGWqSXOgzuVdMdbPz59nrARPWJe.jpg,,,,,,,,,,,,,,,,
1875,tt0060400,/iM3riMqgcRfzbDppGz5R074Z2a9.jpg,,,,,,,,,,,,,,,,
1876,tt0382222,/l3cZeHHBIRKNJmhtKYu9Zl0MRwB.jpg,,,,,,,,,,,,,,,,
1877,tt0104115,/l0gAXGJXjzeZZzoYHl6IVLnMcsI.jpg,,,,,,,,,,,,,,,,
1878,tt0120669,/u9ffgobMADj6GCafeImbov566j9.jpg,,,,,,,,,,,,,,,,
1879,tt0061735,/uToKjd4JgBHsTJ3LwUnKPMT3UAz.jpg,,,,,,,,,,,,,,,,
1880,tt0087985,/hVyeN1aFmqLsRK9VNElETYBDtnf.jpg,,,,,,,,,,,,,,,,
1881,tt0309093,/g9nRpGQ9BxhFnAtP1gAw315QZO.jpg,,,,,,,,,,,,,,,,
1882,tt0042727,/hZERsmBTJZzYIe65PRN8agy1HC4.jpg,,,,,,,,,,,,,,,,
1883,tt0104797,/jDQ2iBJuiimvYqk9orA2YaigBmW.jpg,,,,,,,,,,,,,,,,
1884,tt0087225,/nBj50ywoyBPHlXXIByIxzgjPWPZ.jpg,,,,,,,,,,,,,,,,
1885,tt0087538,/5kKor5pZ3ov08CAstSyk7FGDKVN.jpg,,,,,,,,,,,,,,,,
1887,tt0422720,/xOdzoe3tC8X1v7M2Z86sdfjpVrO.jpg,,,,,,,,,,,,,,,,
1888,tt0060424,/4iaGyJk2OHx6ilNUyymuG61MnHR.jpg,,,,,,,,,,,,,,,,
1889,tt0059248,/kxmc3ey8b5YbMlS7sIMBXYZ8Y9f.jpg,,,,,,,,,,,,,,,,
1890,tt0090830,/r6eGT0NndQY6ulBpdJGL49ZTRqU.jpg,,,,,,,,,,,,,,,,
1891,tt0080684,/6u1fYtxG5eqjhtCPDx04pJphQRW.jpg,,,,,,,,,,,,,,,,
1892,tt0086190,/jx5p0aHlbPXqe3AH9G15NvmWaqQ.jpg,,,,,,,,,,,,,,,,
1893,tt0120915,/n8V09dDc02KsSN6Q4hC2BX6hN8X.jpg,,,,,,,,,,,,,,,,
1894,tt0121765,/2vcNFtrZXNwIcBgH5e2xXCmVR8t.jpg,,,,,,,,,,,,,,,,
1895,tt0121766,/tgr5Pdy7ehZYBqBkN2K7Q02xgOb.jpg,,,,,,,,,,,,,,,,
1896,tt0445691,/yHVHgyT5YfOHmDmgyL9R3Vc99pR.jpg,,,,,,,,,,,,,,,,
1898,,null,,,,,,,,,,,,,,,,
1899,tt0425985,/ed61NJFIqpkId6thLvbeylDNYQ9.jpg,,,,,,,,,,,,,,,,
1900,tt0181865,/9qPLd5hdXIlrAyknVWK38eZyUMo.jpg,,,,,,,,,,,,,,,,
1901,tt0385267,/sYTw30QKeSKGxnexdZwkJZQlTOL.jpg,,,,,,,,,,,,,,,,
1902,tt0125659,/vREkQPEO2M1WdtYfwPUTH2M4XQJ.jpg,,,,,,,,,,,,,,,,
1903,tt0259711,/ujMy9P4VczTW9YSpAM31uqdOMpz.jpg,,,,,,,,,,,,,,,,
1904,tt0397535,/rhqL5iuhfwtDnpwMYAY2iuNZbxo.jpg,,,,,,,,,,,,,,,,
1905,tt0065465,/xvmJCvMg9ql7sEY3OZaiYfEfT2K.jpg,,,,,,,,,,,,,,,,
1906,tt0079924,/1GhIUxIvWk000HD60bSqg2HO0B7.jpg,,,,,,,,,,,,,,,,
1907,tt0163978,/4VgPflOJMxlqOYpAqXCm5J6BkYm.jpg,,,,,,,,,,,,,,,,
1908,tt0053946,/eXEk7xVHb4b1FY8uKQT7LVyhB3J.jpg,,,,,,,,,,,,,,,,
1909,tt0112883,/dT2ClihWvOcsZybgVR3PcQzaqff.jpg,,,,,,,,,,,,,,,,
1910,tt0441795,/ppe2scZNV21vU0FbdWi11ZyhrcM.jpg,,,,,,,,,,,,,,,,
1911,tt0120657,/ooR8S0O0ZgxK2OBnT1GWHrr9w92.jpg,,,,,,,,,,,,,,,,
1912,tt0810868,/tZhTYAs3rE3fmtz4XtLCAWzuwZ9.jpg,,,,,,,,,,,,,,,,
1913,tt0369702,/g7ylyJHOIZxEb0Lrse74TRoZn2Y.jpg,,,,,,,,,,,,,,,,
1914,tt0487027,/bazpGqrG0ooz8v0FN4X8eqCBjEY.jpg,,,,,,,,,,,,,,,,
1915,tt0102397,NULL,,,,,,,,,,,,,,,,
1917,tt0326036,/9XOnqGpprHrqKFGnIrpkLYKdMuI.jpg,,,,,,,,,,,,,,,,
1918,tt0388311,/k6LMFpoxm4OU1Moo0EcGgMHT9nj.jpg,,,,,,,,,,,,,,,,
1956,tt0302674,/1lu054JL6OPG65N99MaYCdI6y8T.jpg,,,,,,,,,,,,,,,,
1957,tt0278435,/la9F1MVu1nU4v61trp80dVcr5Ij.jpg,,,,,,,,,,,,,,,,
1958,tt0283832,/38J3LBZT6e9xY5h043p4LhswSTk.jpg,,,,,,,,,,,,,,,,
1959,tt0120257,/24CGT6BDh5TjaoxfUdeAg36NhBA.jpg,,,,,,,,,,,,,,,,
1961,tt0489235,/sUMogIAJ23VsCyoSk4Rx0i78JcI.jpg,,,,,,,,,,,,,,,,
1962,tt0325733,/j7BAUSM50Ht7d0DxbPnK9NhPIOd.jpg,,,,,,,,,,,,,,,,
1963,tt0456470,/mnoFoGy8qnpSDQtQSVTjTR1jPVS.jpg,,,,,,,,,,,,,,,,
1964,tt0441762,/hF7clkdles1U3EiozA1YAMcByCE.jpg,,,,,,,,,,,,,,,,
1965,tt0120787,/3qVJPM6tYilp3x3ckSBb3l4NyzE.jpg,,,,,,,,,,,,,,,,
1966,tt0346491,/cJrnmbsFm5cEt0pHZZ2a1ueH5aT.jpg,,,,,,,,,,,,,,,,
1967,tt0384814,/8BSVXtlIXveRrOT1lADaycs3KJW.jpg,,,,,,,,,,,,,,,,
1968,tt0119141,/e1rzqz7ehOk6uzu7Wkgu4q3L8CK.jpg,,,,,,,,,,,,,,,,
1969,tt0416496,/6WnSdouYhXDowg9NrKY2fSV5o1W.jpg,,,,,,,,,,,,,,,,
1970,tt0391198,/y05X9RL0FIcEwoVSTppCPcQwhvf.jpg,,,,,,,,,,,,,,,,
1975,tt0433386,/lPN7FyCuPDHwoupcuPT72cRE8lY.jpg,,,,,,,,,,,,,,,,
1976,tt0030287,/Ad4bPRXd3WO9r2gPXhDenUMTVId.jpg,,,,,,,,,,,,,,,,
1977,tt1053859,/swFCNfNo6hgXygRJ7l1Y2aYKKky.jpg,,,,,,,,,,,,,,,,
1978,tt0042994,/1W7RzrENooOXQVeYMlF8Vx3EpAk.jpg,,,,,,,,,,,,,,,,
1979,tt0486576,/fXpziQgnBnB4bLgjKhjTbLQumE5.jpg,,,,,,,,,,,,,,,,
1980,tt0951318,/iE9jcY4hRfmymN7i0BqmM7bzVes.jpg,,,,,,,,,,,,,,,,
1984,tt0048918,/6DMod5ExRqWNh3G7udU3ZgmOvy2.jpg,,,,,,,,,,,,,,,,
1985,tt0387131,/r7QOXMcuIqZUeIVXVc4BCZrd9ni.jpg,,,,,,,,,,,,,,,,
1986,tt0388505,NULL,,,,,,,,,,,,,,,,
1987,tt0103793,/djRDTKgtKFacrQlsBylMbVznAu0.jpg,,,,,,,,,,,,,,,,
1988,tt0829459,/eFhsNdOjLk5sAEaEMcvRpnKc19c.jpg,,,,,,,,,,,,,,,,
1989,tt0765120,/xjR7Gbu6Xw7EwLgxupJtnRBoP5i.jpg,,,,,,,,,,,,,,,,
1990,tt0842929,/nsdBPOqXXCemg8WXjPzTccOPfl1.jpg,,,,,,,,,,,,,,,,
1991,tt1028528,/nyQBcpxqS4im2akQlWG9Y1oeM2V.jpg,,,,,,,,,,,,,,,,
1992,tt1077258,/7Yjzttt0VfPphSsUg8vFUO9WaEt.jpg,,,,,,,,,,,,,,,,
1993,tt0465188,/hj4p0Q8Nzbo5eInmISqVROCVWzJ.jpg,,,,,,,,,,,,,,,,
1994,tt0023238,/a2Fw81m2gbHtIYHY2QI52e0QkGx.jpg,,,,,,,,,,,,,,,,
1995,tt0146316,/m6aodY7SrvlTRiUFkxClaNAIQT.jpg,,,,,,,,,,,,,,,,
1996,tt0325703,/pkSnQzjjQ3Z9B2CJVSZCfL0Ea3s.jpg,,,,,,,,,,,,,,,,
1997,tt0338512,/2hPS88Tel8UHkCMMbvB700wUzbr.jpg,,,,,,,,,,,,,,,,
1998,tt0384177,/targniwNovnXelXAxuWpdC1NR0c.jpg,,,,,,,,,,,,,,,,
1999,tt0247425,/3EXsqwGkl3q0O8BGQyUimYxA11k.jpg,,,,,,,,,,,,,,,,
2000,tt0068182,NULL,,,,,,,,,,,,,,,,
2001,tt0498399,/qtQ1QAYicU3F0icIunYcFhjJ5XE.jpg,,,,,,,,,,,,,,,,
2002,tt0437526,/LFCUWTHJ26TFgkoVcndPLXv1MW.jpg,,,,,,,,,,,,,,,,
2003,tt0348529,/3Paqxno3bGZMazRyFBkKmk5SM5L.jpg,,,,,,,,,,,,,,,,
2004,tt0177882,/nVVBqPegOB6fp7fXOJ4JoQFCvsZ.jpg,,,,,,,,,,,,,,,,
2005,tt0105417,/7wQxLtybiUbtC6tsJh9htFEmqq3.jpg,,,,,,,,,,,,,,,,
2006,tt0051406,NULL,,,,,,,,,,,,,,,,
2007,tt0104756,/d4Yq4Y4ieKLD8JzxSv1g8dZzcLN.jpg,,,,,,,,,,,,,,,,
2008,tt0417976,/zAzI1wMRZzaBlc56DXJkjiv79Ut.jpg,,,,,,,,,,,,,,,,
2009,tt1032846,NULL,,,,,,,,,,,,,,,,
2010,tt1016205,/kY4jXoDp53PGkMUxfVSM8rhV26S.jpg,,,,,,,,,,,,,,,,
2011,tt0808417,/dYvyF1RlNokAd1N7Nek0vDpYsV6.jpg,,,,,,,,,,,,,,,,
2012,tt0841925,/oBvrWttJNeXjh1DQvF3MTfoXCbn.jpg,,,,,,,,,,,,,,,,
2013,tt0401383,/j9xijFBmOSitYXAMnO9X9QXZogD.jpg,,,,,,,,,,,,,,,,
2014,tt0880502,/5MUZvQBhHAdO5PqDFzlvWcpe4Qz.jpg,,,,,,,,,,,,,,,,
2015,tt0817225,/oozg0YdOzAMM4B0QeskooiYjZi6.jpg,,,,,,,,,,,,,,,,
2016,tt0444182,/kVXGxm7xEjz5cFEXqwWf1bjYOBE.jpg,,,,,,,,,,,,,,,,
2017,tt0292610,/vGwbyQOGOG5WRKcemHREpdSviMO.jpg,,,,,,,,,,,,,,,,
2018,tt0209475,/zaoZcfGwSm3tVBFnhX6JstB9BsK.jpg,,,,,,,,,,,,,,,,
2019,tt0107076,/8NfHPur56XN4bJeFISkrCLLSSr6.jpg,,,,,,,,,,,,,,,,
2020,tt0120596,/oVF3m29gJRI59VVtBTLiTsWU5cp.jpg,,,,,,,,,,,,,,,,
2021,tt0113448,/vK6fm3T3FZxzYT4jDirKBp0SCSL.jpg,,,,,,,,,,,,,,,,
2022,tt0280590,/l3hmNjhxmqjXrvGNMMmeOmsyX3r.jpg,,,,,,,,,,,,,,,,
2023,tt0317648,/5BiWWo12FnSFTatD8dfMpoF7bVs.jpg,,,,,,,,,,,,,,,,
2024,tt0187393,/tgXOraQmKatqrVs2KMgnNn6QpO.jpg,,,,,,,,,,,,,,,,
2025,tt0095943,/3KT0qe59dHTjbm1IXQf06Ae7hPz.jpg,,,,,,,,,,,,,,,,
2026,tt0340163,/simhaVNOea3uhRUM0gT8WdidEto.jpg,,,,,,,,,,,,,,,,
2028,tt0098258,/oVlRVSZx5IpQCC6uymBYpP1fggB.jpg,,,,,,,,,,,,,,,,
2029,tt0274155,/mtHaAnTl8qQCCQv6bvg0g2DzXwY.jpg,,,,,,,,,,,,,,,,
2030,tt0050179,/mhd1AGuEf9q1t3zICeYfP4pqFTM.jpg,,,,,,,,,,,,,,,,
2031,tt0051382,/e3uhz7lOiQLdeCKZLaCiA7fED9P.jpg,,,,,,,,,,,,,,,,
2032,tt0416111,/bDz7Euh6hGCGCw1IEAsecNSHELb.jpg,,,,,,,,,,,,,,,,
2033,tt0116635,/pwADoLVt7sO79V9HtTUKLNSPTEt.jpg,,,,,,,,,,,,,,,,
2034,tt0139654,/sDT2biSB7wzBJdXq9o3ldr7VfvY.jpg,,,,,,,,,,,,,,,,
2035,tt0103108,/cxnWoqP2fBKORq4e7tds9S0ARXu.jpg,,,,,,,,,,,,,,,,
2036,tt0078812,/quYJDRl3ELqC4OGNXSKck4Tt08L.jpg,,,,,,,,,,,,,,,,
2037,tt0083572,/eaq4JH64E3GhUoZVKT5amEqJwol.jpg,,,,,,,,,,,,,,,,
2038,tt0103617,/ysYGHB5IbajHuIm11rh7ikxZ0V.jpg,,,,,,,,,,,,,,,,
2039,tt0093565,/2OIxyH2zMPYBzaECdIlX81Qc398.jpg,,,,,,,,,,,,,,,,
2042,tt0120070,/yiTmcM8vij79EBi8shF7S7ZxJ7f.jpg,,,,,,,,,,,,,,,,
2043,tt0164334,/1ZjDmPKMUtout8hR77qmK1llgls.jpg,,,,,,,,,,,,,,,,
2044,tt0410297,/wdo6HYviSRaCuc6giVfzgYDfiI0.jpg,,,,,,,,,,,,,,,,
2045,tt0118040,/qQek3X5Yv0iLZqQ98KWIKtE3x4m.jpg,,,,,,,,,,,,,,,,
2046,tt0219699,/mC66QbJk1PbUrVMu3kh14adLpQl.jpg,,,,,,,,,,,,,,,,
2047,tt0107927,/WYRfzw7SCvfEupvbwxCl2WSzC8.jpg,,,,,,,,,,,,,,,,
2048,tt0343818,NULL,,,,,,,,,,,,,,,,
2049,tt0943512,/rwynTULJiwlGwgriBsTP1RgHUdt.jpg,,,,,,,,,,,,,,,,
2054,tt0113862,/jYEKdpVvRV3KdyHMUVYyg0KTVSY.jpg,,,,,,,,,,,,,,,,
2055,tt0316356,/qMxKzKHi4HfmBzHJB5NZtquLctn.jpg,,,,,,,,,,,,,,,,
2056,tt0340377,/kjJg6eJa9I9flfHaJG67ecEv8YX.jpg,,,,,,,,,,,,,,,,
2057,tt0218922,/i8FEQy5IWAqOzXm4uDHy2r3Swym.jpg,,,,,,,,,,,,,,,,
2058,tt0118556,/ed6nD7h9sbojSWY2qrnDcSvDFko.jpg,,,,,,,,,,,,,,,,
2059,tt0368891,/luMoc56LLMWUt60vUNNpwxrbTNt.jpg,,,,,,,,,,,,,,,,
2060,tt0075933,/rgB92XsNaaOkYi9Lqndlkgg04YQ.jpg,,,,,,,,,,,,,,,,
2061,tt0117407,/y5VaFhpfcXSAfcqJn7dOemicEEB.jpg,,,,,,,,,,,,,,,,
2062,tt0382932,/y8y6Fv0k068OnHBZtu949A1t6pj.jpg,,,,,,,,,,,,,,,,
2064,tt0114924,/9StV7DX4ZtRZGJs9VcVEPvxIKL6.jpg,,,,,,,,,,,,,,,,
2065,tt0488565,/2aPeZzP9ICrC7T3VAuMnpqhzzGM.jpg,,,,,,,,,,,,,,,,
2067,tt0183523,/eco5chujn3Mt7HnuMTUIuobPMoX.jpg,,,,,,,,,,,,,,,,
2069,tt0190138,/rnXnZrKipVb8v4mS2Oo6Ga2O0fg.jpg,,,,,,,,,,,,,,,,
2070,tt0075255,NULL,,,,,,,,,,,,,,,,
2071,tt0102900,/q7AAPZtD1APYACKeMc1TEU0g0KT.jpg,,,,,,,,,,,,,,,,
2072,tt0112763,/baHBWEjK9dP6cb1PgyxpCPlnu45.jpg,,,,,,,,,,,,,,,,
2074,tt0116324,/pxxYa68L05ZR4vMwc6yB8KqXslo.jpg,,,,,,,,,,,,,,,,
2075,tt0089841,/AcbyO79tP2USEIevs81s4KXTnfs.jpg,,,,,,,,,,,,,,,,
2076,tt0190938,/hAhKEFLvt6XBEUZ65Rf7OznUHTb.jpg,,,,,,,,,,,,,,,,
2077,tt0007264,/wCOfHDgYtiJ5LdZRMRtBop0NDpo.jpg,,,,,,,,,,,,,,,,
2078,tt0007162,/xlYfHCvInyXJ4rYRBVA39jpZLQs.jpg,,,,,,,,,,,,,,,,
2079,tt0006548,/6SWl47HgOico4G2aEUYrGuhBf3C.jpg,,,,,,,,,,,,,,,,
2080,tt0458525,/kqO36IYvWbRKMPiUeiVZUFH06Rc.jpg,,,,,,,,,,,,,,,,
2082,tt0373883,/9CPYBA1Fq5BdCmViSPyfPiBOcTH.jpg,,,,,,,,,,,,,,,,
2083,tt1328622,/bmLj0AlXblOBlpRiAAnqpGrR8UI.jpg,,,,,,,,,,,,,,,,
2084,tt0188453,/zqqL2HTiOwkZLpXBh5DyDHzaebz.jpg,,,,,,,,,,,,,,,,
2085,tt0165929,/4c5YlG72lFWdvCNkTJphc4OGjBX.jpg,,,,,,,,,,,,,,,,
2086,tt0113972,/3kYcyD9yAjdjimYlIiGPfdMVbZb.jpg,,,,,,,,,,,,,,,,
2087,tt0109890,/aqASLZpqGK62bmUI1KLvvEIpKNk.jpg,,,,,,,,,,,,,,,,
2088,tt0107983,/srNt0hu2phWzsVIDpVH0gRaqcLB.jpg,,,,,,,,,,,,,,,,
2089,tt0211792,/eY3HnvueLKnZftKSjMcFzSzye40.jpg,,,,,,,,,,,,,,,,
2090,tt0211407,/ab9quvBfPpdd21xoONkKhDtvpPz.jpg,,,,,,,,,,,,,,,,
2091,tt0286493,/2dxF1kPJeuuNMhV4ausxyyTsU3r.jpg,,,,,,,,,,,,,,,,
2092,tt0418329,/m9ODbw1mCxUWtff2Lyyb9J5ebFK.jpg,,,,,,,,,,,,,,,,
2093,tt0094651,/7bM6UZ9voDC0blQdFnomL8VTnYw.jpg,,,,,,,,,,,,,,,,
2094,tt0058534,/o1NuU0ExNiOt57mSN6WS6Zr1Hnd.jpg,,,,,,,,,,,,,,,,
2095,tt0167116,/10UpxVpIuM4KKsVp1JsrYuH6gOv.jpg,,,,,,,,,,,,,,,,
2096,tt0156146,/7LjzOOAbDWwZXFUFBBl7Pl8Jepv.jpg,,,,,,,,,,,,,,,,
2097,tt0061550,/vr2hK8kAMWlymSrOGYin4qhQLAP.jpg,,,,,,,,,,,,,,,,
2098,tt0058725,/9X3bitLpvzdjjZIpeQs9cvNAoVZ.jpg,,,,,,,,,,,,,,,,
2099,tt0091828,/a6A3h6rAnQ4hTfZ80AQGZtGAVfj.jpg,,,,,,,,,,,,,,,,
2100,tt0272020,/tfbZvbK3mVNcgsYwC0Npj96GRux.jpg,,,,,,,,,,,,,,,,
2101,tt0380368,/q0cSWEdlFuhstRF5EzxJn0enhbh.jpg,,,,,,,,,,,,,,,,
2102,tt0100649,/aSIStieJZsdOqzEfUSLOV67V8TJ.jpg,,,,,,,,,,,,,,,,
2103,tt0307479,/8TTniVKEjUWs3DnAMEWMXP6V1ct.jpg,,,,,,,,,,,,,,,,
2104,tt0286917,/aZblXulCCrJsbatuXJoT2bRxHDu.jpg,,,,,,,,,,,,,,,,
2105,tt0163651,/k40WFAXMRekWEqsjURO3jiWob67.jpg,,,,,,,,,,,,,,,,
2106,tt0059282,/mtJleJT93otDZUU9OhaH6kOZ1jO.jpg,,,,,,,,,,,,,,,,
2107,tt0102250,/zYuSaKMM2Hls7erz0MNKh4cje25.jpg,,,,,,,,,,,,,,,,
2108,tt0088847,/4ZejrrCpfoypR5lHoT3pq6yVldW.jpg,,,,,,,,,,,,,,,,
2109,tt0120812,/jdfxpW5LF36sHsHjyH8CMBEG4TF.jpg,,,,,,,,,,,,,,,,
2110,tt0281364,/wU9LGkxWv1zq5sB4e4RSQVSOWxX.jpg,,,,,,,,,,,,,,,,
2111,tt0291032,/b6NhIKKS5qMM3ikTNIlQUIonDpp.jpg,,,,,,,,,,,,,,,,
2112,tt0120784,/qQ1uvRviTWpc1xrDjt8IOlb6rib.jpg,,,,,,,,,,,,,,,,
2114,tt0173840,/ixu5L3L55wJPVUGAfwdE4qVwWbi.jpg,,,,,,,,,,,,,,,,
2115,tt0093415,/qx9oxvDaAFEB6Q3MKsFyjLY6247.jpg,,,,,,,,,,,,,,,,
2116,tt0313443,/3k3YJByOHT7z8DQa43yj6P5LFHI.jpg,,,,,,,,,,,,,,,,
2117,tt0426578,/ot9nNB0clEOFgY5tvl1wAAuraFW.jpg,,,,,,,,,,,,,,,,
2118,tt0119488,/rIXzJCAvyd3Ci8ipylDQ5wUKqwh.jpg,,,,,,,,,,,,,,,,
2119,tt0099371,/jNw4mKvTW3lSDOv9Ruiph6EQqXj.jpg,,,,,,,,,,,,,,,,
2120,tt1584837,/qjZMwAymWqm2y9ZBjSJFuBPk9Ze.jpg,,,,,,,,,,,,,,,,
2122,tt0327247,/pc2xIaRjmOxBiVqluPISzHRTKSr.jpg,,,,,,,,,,,,,,,,
2123,tt0183505,NULL,,,,,,,,,,,,,,,,
2124,tt0109456,/qvNWTJ8m65DDGr8olt1o39OQVkH.jpg,,,,,,,,,,,,,,,,
2125,tt0103239,/bNR4bZJcltZmrjeZ4383yEwTHQy.jpg,,,,,,,,,,,,,,,,
2126,tt0240601,NULL,,,,,,,,,,,,,,,,
2131,tt0119320,/zVoCFg1Ecf1XoWKzAw8DRpbKJXd.jpg,,,,,,,,,,,,,,,,
2132,tt0200954,/1BwBTZq6IKBPcsxezV3TRBxbRW3.jpg,,,,,,,,,,,,,,,,
2133,tt0177971,/uARMPDyjiENKyUz7JRmQmLCH8L5.jpg,,,,,,,,,,,,,,,,
2134,tt0054387,/cjmluKjmaqLfZmwMEwjki6tvLnS.jpg,,,,,,,,,,,,,,,,
2135,tt0268695,/elWjfgdsKQbk5E02npdy5Q0Ziee.jpg,,,,,,,,,,,,,,,,
2136,tt0083999,/mO5zXj5tZbmOqD827y8v37cpSjc.jpg,,,,,,,,,,,,,,,,
2137,tt0165499,/oGG756NmDMF54G62a4fuVoOFobe.jpg,,,,,,,,,,,,,,,,
2138,tt0298754,null,,,,,,,,,,,,,,,,
2139,tt0072791,/vjx67zOrHE5pS6r5BDFajhDwaGX.jpg,,,,,,,,,,,,,,,,
2140,tt0271027,/eOBwDUiDLmz1BX8PQL5U1tQloRB.jpg,,,,,,,,,,,,,,,,
2141,tt0240628,/9RZ4LZYOqtTQWoP7a1jUgXi752e.jpg,,,,,,,,,,,,,,,,
2142,tt0118887,/th2UDVewgUAfIXFUaWGWWBxCM91.jpg,,,,,,,,,,,,,,,,
2143,tt0115832,/rgRwEM58034IJrAicHDs1hGKlDA.jpg,,,,,,,,,,,,,,,,
2144,tt0203755,/noW8q27mL4T0wKrVZ2MCAIvUKy3.jpg,,,,,,,,,,,,,,,,
2145,tt0089162,/qWGxOL7V96KZukXKAQPb8uO8lRw.jpg,,,,,,,,,,,,,,,,
2147,tt0130700,null,,,,,,,,,,,,,,,,
2148,tt0087089,/q8Y86MbAgriwG9OZiomKCOTxrUM.jpg,,,,,,,,,,,,,,,,
2149,tt0106453,/31M7UUTMo5PjCnvcfbtWjokJXMZ.jpg,,,,,,,,,,,,,,,,
2151,tt0365478,/jcqTrZeavegTbY5TmlAUagEfZWi.jpg,,,,,,,,,,,,,,,,
2152,tt0811136,/w4aBkL4WFqSFt6BUGeoibK0Vv5N.jpg,,,,,,,,,,,,,,,,
2153,tt0077474,/aAesCfAG33Mv37eiPLlce3X5VMi.jpg,,,,,,,,,,,,,,,,
2154,tt0099364,/bVgWtEnmgQXEZrHqhEoE0uy3c7C.jpg,,,,,,,,,,,,,,,,
2155,tt0184858,/rK1P7za5gHvCqjrOVcsUTSlaSNq.jpg,,,,,,,,,,,,,,,,
2156,tt0330203,/pdJ5M2emJ29ZfyV862noHkmcJ3l.jpg,,,,,,,,,,,,,,,,
2157,tt0120738,/kkBDPkUnYwAkWbYY2bnyf5ANObA.jpg,,,,,,,,,,,,,,,,
2160,tt0055608,/1eYTrkhZ8JRBBpepmvUUQeajhXO.jpg,,,,,,,,,,,,,,,,
2161,tt0060397,/hZRYghurxiVXzkSe0JLtfIaOwM0.jpg,,,,,,,,,,,,,,,,
2162,tt0163579,/Teyo0W5euwLChQvFT0NQDfbvcQ.jpg,,,,,,,,,,,,,,,,
2163,tt0118771,/uj5VmM4jrn3HHeuFfEH8XQizA2g.jpg,,,,,,,,,,,,,,,,
2164,tt0111282,/39WsfbB5BshvdbPAYRFXdsjC481.jpg,,,,,,,,,,,,,,,,
2165,tt0280870,/2Aiq4oberpDtIVEocSldNAlVQcJ.jpg,,,,,,,,,,,,,,,,
2166,tt0120013,/2JU461VrEjmYaqiEVRz0Mla5Ih9.jpg,,,,,,,,,,,,,,,,
2168,tt0472582,/zNBjKJrbrhImgchpV9yPwOImgeR.jpg,,,,,,,,,,,,,,,,
2169,tt0102396,/iuohmuSGN8otkaOQDUBklrYCMET.jpg,,,,,,,,,,,,,,,,
2170,tt0083143,null,,,,,,,,,,,,,,,,
2171,tt0243655,/2fu0uOi3h0lcXbjDfea9hzedKTq.jpg,,,,,,,,,,,,,,,,
2172,tt0093668,/hkzWL3bXX3V4dX3Fv1hq7kNfUsO.jpg,,,,,,,,,,,,,,,,
2173,tt0245724,/qPPVre20BTuyNHZhPp2PP9CllPK.jpg,,,,,,,,,,,,,,,,
2175,tt0433263,null,,,,,,,,,,,,,,,,
2176,tt0221218,/pZNdq3a49iJibUIExhe3TXqHoDu.jpg,,,,,,,,,,,,,,,,
2177,,/lxsmbv3oUpiVzEF23xg0zJLpbXl.jpg,,,,,,,,,,,,,,,,
2178,tt0115635,/ffSHkv2sYfeLOmbVDfpnSdvyIvf.jpg,,,,,,,,,,,,,,,,
2179,tt0365830,/gQThU8AftVJEBug4ToHUbQ3Lg7M.jpg,,,,,,,,,,,,,,,,
2180,tt0785002,/4Lvo8hJpYA5PL3JJHNYNYdmj5Fu.jpg,,,,,,,,,,,,,,,,
2181,tt0058134,/ljAUR7FBQjyGhpvImx201bp1JZw.jpg,,,,,,,,,,,,,,,,
2182,tt0080391,/3vohBv1acbgscmf0lODu5AbCKF2.jpg,,,,,,,,,,,,,,,,
2183,tt0418729,null,,,,,,,,,,,,,,,,
2184,tt0107532,null,,,,,,,,,,,,,,,,
2185,tt0246464,/geefvrEp3AQ1UYQ57c0hRairRfj.jpg,,,,,,,,,,,,,,,,
2186,tt0078503,/qdkZv0hKs2JKUDq4gYrWJOLybwA.jpg,,,,,,,,,,,,,,,,
2187,tt0115516,null,,,,,,,,,,,,,,,,
2188,tt0267391,/m72RuQoCQWrezLuA6UgZJSp5DTU.jpg,,,,,,,,,,,,,,,,
2189,tt0090184,/ewcYC5IdvXLySpsLMBuABLGJpWK.jpg,,,,,,,,,,,,,,,,
2191,tt0283015,/k1fe6jpzfGwrwEPqQzkUnxJMG5B.jpg,,,,,,,,,,,,,,,,
2192,tt0128447,NULL,,,,,,,,,,,,,,,,
2193,tt0085980,/2b7rg7olnmtSBta2TV4rQdBZQXu.jpg,,,,,,,,,,,,,,,,
2194,tt0290015,/xAVgKttjQOHw0MzLQcTByYxKtXk.jpg,,,,,,,,,,,,,,,,
2195,tt0991269,/8llSwSgSA7V0hJBqsraqEsn3QXF.jpg,,,,,,,,,,,,,,,,
2196,tt0795368,/zV4kwbDckeTMoIsbSt1lsTIZ2in.jpg,,,,,,,,,,,,,,,,
2197,tt0889222,/rmuUNI40NxYRNbFNOKuQBuzvocZ.jpg,,,,,,,,,,,,,,,,
2198,tt0079296,NULL,,,,,,,,,,,,,,,,
2199,tt0097938,/yGTtiJ5hEbCoUQRVftcyX3IHGIc.jpg,,,,,,,,,,,,,,,,
2200,tt0071688,/iJZJAxxUtQiHKwBzAgl2vKKvnMC.jpg,,,,,,,,,,,,,,,,
2202,tt0036098,/56kDCzHX8nkWZ4hzBb7P6Uh15VH.jpg,,,,,,,,,,,,,,,,
2203,,null,,,,,,,,,,,,,,,,
2204,tt0069687,/xvJqeIQVlME28oVHDcsHEELGWgw.jpg,,,,,,,,,,,,,,,,
2205,tt0097464,/4POEcjnVCyKg8Z6mTTH2rCZVFIA.jpg,,,,,,,,,,,,,,,,
2206,tt0090381,/j4KzbVpOAIaG1mkwURWDLdWcAvM.jpg,,,,,,,,,,,,,,,,
2207,tt0450232,/wpKBLDjNRddmH6N32ni4bASogt8.jpg,,,,,,,,,,,,,,,,
2209,tt0074645,/4RaVTIupK8CEcccC0biK6XvXkIf.jpg,,,,,,,,,,,,,,,,
2210,tt0097257,/vjBfREN3yWoUINU0fHrdXjNxcCU.jpg,,,,,,,,,,,,,,,,
2211,tt0130444,/kYLQLevqtmjZ8tfVhelx32p08h4.jpg,,,,,,,,,,,,,,,,
2212,tt0119791,/1PkDNwoOJxLQViAEuOb6pj2S5r0.jpg,,,,,,,,,,,,,,,,
2213,tt0168267,/kvyDZ7WxP2zFkDDCY3JXxvGlN8G.jpg,,,,,,,,,,,,,,,,
2214,tt0049298,/xdRt2852Thpp85I1Yqa01zf8vzu.jpg,,,,,,,,,,,,,,,,
2215,tt0056161,/oYSv88W4v9UvEBHs4WNgreBcHG1.jpg,,,,,,,,,,,,,,,,
2216,tt0053846,/3cvZAUVP0gjP0p54TOVXQ50fEyZ.jpg,,,,,,,,,,,,,,,,
2217,tt0055716,/l15e1RivJtAmPJB5HL7dTciJcbH.jpg,,,,,,,,,,,,,,,,
2218,tt0070192,/28RHGimyH1Oq0dhi4dxLrX9ZFnv.jpg,,,,,,,,,,,,,,,,
2219,tt0068508,/sipHdNtiVzTaTdMDYYi3ijivjM3.jpg,,,,,,,,,,,,,,,,
2220,tt0068758,/2w7VQwyMVnLOo1dNoJljTgFZDQ9.jpg,,,,,,,,,,,,,,,,
2221,,null,,,,,,,,,,,,,,,,
2222,tt0056933,null,,,,,,,,,,,,,,,,
2223,tt0058490,null,,,,,,,,,,,,,,,,
2225,tt0057830,/basYXlRvtjlFpoucVTKjdVKUVMm.jpg,,,,,,,,,,,,,,,,
2226,tt0061919,/y00We7OI1M3TKh86te6C32e0vRT.jpg,,,,,,,,,,,,,,,,
2227,tt0056271,/vbVj7raw9HKfsGRLuzVjWvyaNr3.jpg,,,,,,,,,,,,,,,,
2228,tt0074957,/815S45vOqT89tVpGdqlEcRDmSji.jpg,,,,,,,,,,,,,,,,
2229,tt0076040,/lJLdLu5TKp9uiqww85hIwDuV2jS.jpg,,,,,,,,,,,,,,,,
2231,tt0071720,/Q11Q86voTG6X4DtHmGPszo1hp1.jpg,,,,,,,,,,,,,,,,
2232,tt0070299,/oGRzrmYgt5x2iQucxteGXcDLipP.jpg,,,,,,,,,,,,,,,,
2233,tt0053415,/i8QbONfGIrB8Cc2kII1S0HAHfS3.jpg,,,,,,,,,,,,,,,,
2234,tt0055748,null,,,,,,,,,,,,,,,,
2235,,NULL,,,,,,,,,,,,,,,,
2236,,null,,,,,,,,,,,,,,,,
2237,tt0057519,/kDbzy8eOHDRN6q1Cusqwcn5ldCz.jpg,,,,,,,,,,,,,,,,
2238,,null,,,,,,,,,,,,,,,,
2239,tt0466816,/yzUC2fvpz1dAwdzseSXMlWGNm8e.jpg,,,,,,,,,,,,,,,,
2240,tt0072345,/aYgYtW0iGZvhjX6y5f0eOGzK2DO.jpg,,,,,,,,,,,,,,,,
2241,tt0177242,/v8jCLueJajtlxtblC6LkLfoP3ET.jpg,,,,,,,,,,,,,,,,
2242,tt0057211,null,,,,,,,,,,,,,,,,
2244,tt2514600,null,,,,,,,,,,,,,,,,
2245,,null,,,,,,,,,,,,,,,,
2246,tt0107497,/dlTWhgLHdEgSmCa8nEFgN7Hfu05.jpg,,,,,,,,,,,,,,,,
2247,,/nfzMdBQl81bCAZmB4a1nLedoOm8.jpg,,,,,,,,,,,,,,,,
2249,tt0328494,/xEbEH379MxnwiYZwxHx6KCMPwxF.jpg,,,,,,,,,,,,,,,,
2250,tt0057816,/q18hfLrpfK5IDmfAScuL2lKjosh.jpg,,,,,,,,,,,,,,,,
2251,tt0250797,/ztenZXLECkDXTXN6KEugPVvMTIl.jpg,,,,,,,,,,,,,,,,
2252,tt0765443,/uQduBOXqpC4XG8qK2pMcqz1OnQY.jpg,,,,,,,,,,,,,,,,
2253,tt0985699,/ewxjB0ijJsGiXpyVgNP6BeCdKRK.jpg,,,,,,,,,,,,,,,,
2254,tt0233654,null,,,,,,,,,,,,,,,,
2255,tt0118842,/4vFJileWrCGaBeobCmF0tXpQCUb.jpg,,,,,,,,,,,,,,,,
2257,tt0059033,null,,,,,,,,,,,,,,,,
2258,tt0105712,/r41D0h3SUKd8CqESA2CFHGmHJy3.jpg,,,,,,,,,,,,,,,,
2259,tt0107151,/zcm1tp34jNFbTltJhlr7bsvIvmh.jpg,,,,,,,,,,,,,,,,
2260,tt0342172,/9LsmDoeNO8QfkkPHA9lWRAXMeXD.jpg,,,,,,,,,,,,,,,,
2261,tt0070902,/1AIpkJ71cNb0soBWdTUWaK3OLFj.jpg,,,,,,,,,,,,,,,,
2262,tt0084654,/6LAc7JNep7hC4CJ7p1U0oNsBnm4.jpg,,,,,,,,,,,,,,,,
2263,tt0100211,/k4t8cE0HwuYLNaKZBdkFHB0b3Y2.jpg,,,,,,,,,,,,,,,,
2264,tt0082671,/8FaNvFK822EOItlDNV3UEZOtA5F.jpg,,,,,,,,,,,,,,,,
2265,tt0091537,/gGkpSrhlb2t3EUhGieWO5NfbyJ7.jpg,,,,,,,,,,,,,,,,
2266,tt0401711,NULL,,,,,,,,,,,,,,,,
2267,tt0768212,/Gqdd45hvij3e9p6wQMHS82q8mE.jpg,,,,,,,,,,,,,,,,
2268,tt0385752,/mOF2xK2xDgbpOCPgXreM4vfw9dC.jpg,,,,,,,,,,,,,,,,
2269,tt0409904,/9TBOWJUa4igq9FkDWhZRK72K4vQ.jpg,,,,,,,,,,,,,,,,
2270,tt0486655,/A9gXvPOnMu961E36x5p3RT4FQ5E.jpg,,,,,,,,,,,,,,,,
2274,tt0484562,/wmPHQxchlpuRAFG94NWMtCZF65k.jpg,,,,,,,,,,,,,,,,
2275,tt0144214,/4fc4mB9tGgYV4mdJrWPLMfcRvnC.jpg,,,,,,,,,,,,,,,,
2277,tt0182789,/pt57Kwkd2g2xdYFZKx3yCoz9Xim.jpg,,,,,,,,,,,,,,,,
2280,tt0094737,/cCglgzP9hXrqPqUMGNzISZrK338.jpg,,,,,,,,,,,,,,,,
2282,tt0086650,/xi3wE0k8Xg1EL4AVVkuT8hRMLV5.jpg,,,,,,,,,,,,,,,,
2284,tt0457419,/75m4IBZE6gUrltcDgTSBTFg68QT.jpg,,,,,,,,,,,,,,,,
2285,tt0085843,/e7UlyH4bza9fT7nptDXeXdeASLr.jpg,,,,,,,,,,,,,,,,
2286,tt0381111,/oKWSOTW9kmKx9UybuNkKV5JeXtY.jpg,,,,,,,,,,,,,,,,
2287,tt0436724,/cMbgHEmJSSuBsiXgSvaS2489JZe.jpg,,,,,,,,,,,,,,,,
2288,tt0376541,/jZINusxU1VUKae1s6j39jeFrnJt.jpg,,,,,,,,,,,,,,,,
2289,tt0159365,/9MYfag0sPAaJUq3Lc0rXxhQHLA5.jpg,,,,,,,,,,,,,,,,
2290,tt0120716,/e0NArutPBCVBWCJlIS4IWSqP0Pp.jpg,,,,,,,,,,,,,,,,
2291,tt0099871,/2Byg7AV91LF7pfByz4ZMvnkZnH7.jpg,,,,,,,,,,,,,,,,
2292,tt0109445,/dmNytzvQTjylI83qrgDoS1KQ0ev.jpg,,,,,,,,,,,,,,,,
2293,tt0113749,/4saVIltqkhq9is5NmD7N87Q40M.jpg,,,,,,,,,,,,,,,,
2294,tt0261392,/8xI9g6su8aKwg3Nk5qUnS025NyA.jpg,,,,,,,,,,,,,,,,
2295,tt0424345,/luPEGTlN8egktVeomdf2nEap5SP.jpg,,,,,,,,,,,,,,,,
2296,tt0385806,null,,,,,,,,,,,,,,,,
2297,tt0102181,/ttfVcy8PAnRCZFUXdPStDI2gF5r.jpg,,,,,,,,,,,,,,,,
2298,tt0107324,null,,,,,,,,,,,,,,,,
2299,tt0388562,/tiX1fiDJFEPp8PmKIwlMiANCZiC.jpg,,,,,,,,,,,,,,,,
2300,tt0117705,/bJhVLribUKCrKv1h1WFqv4QmRWM.jpg,,,,,,,,,,,,,,,,
2301,tt0081844,null,,,,,,,,,,,,,,,,
2302,tt0099073,/eG8f40D3SvoLUpAub2FDZ8ygngB.jpg,,,,,,,,,,,,,,,,
2303,tt0115943,/5atznUhguK7xd7WRJx3YOxXkYlZ.jpg,,,,,,,,,,,,,,,,
2304,tt0084085,/gOpEJY3sja8CyzVdsJJU1pSCKtj.jpg,,,,,,,,,,,,,,,,
2306,tt0083554,/kSEdENFwUxxTVEI6JoP83ZRfVpp.jpg,,,,,,,,,,,,,,,,
2307,tt0114210,/leJcOavVPUrYodUJteBOl7pRFuU.jpg,,,,,,,,,,,,,,,,
2309,tt0494238,/3yIVMwPDrWLeZ8fJ5HLbGWnCz9f.jpg,,,,,,,,,,,,,,,,
2310,tt0442933,/j90lLkvlcPNL6VVoLGQ0yzPUfJV.jpg,,,,,,,,,,,,,,,,
2311,tt0099813,null,,,,,,,,,,,,,,,,
2312,tt0460780,/bV18YaqIQh0aeOWnfkOvD0iqfUJ.jpg,,,,,,,,,,,,,,,,
2313,tt0387514,/dQxtI83slU5fAq6WZjEmIDAtYvM.jpg,,,,,,,,,,,,,,,,
2314,tt0218411,/sC4xVU6QM5QLEtlUqDIImE5vtuE.jpg,,,,,,,,,,,,,,,,
2316,tt0388441,/8cYyIEqIwM5gqXsbsrFtHcvxrTV.jpg,,,,,,,,,,,,,,,,
2318,tt0203053,/6VXgLRZ9s4QinW8qvSyi7JSEbGv.jpg,,,,,,,,,,,,,,,,
2319,tt0329030,/eOAQWRocI6Hiv8fSJhW5yXbqwK2.jpg,,,,,,,,,,,,,,,,
2320,tt0116253,/wmgkFuEr8bHRAgs1HS5U46Rzo0I.jpg,,,,,,,,,,,,,,,,
2321,tt0095593,/wQAJv7qukZSd7grUWmXf6vt4OXC.jpg,,,,,,,,,,,,,,,,
2322,tt0105435,/pAGKtPF8nMiJq4lsINOYJWvMS2D.jpg,,,,,,,,,,,,,,,,
2323,tt0097351,/ps5B8ZNSFvqLczD5e4Yh3whV66B.jpg,,,,,,,,,,,,,,,,
2324,tt0472126,/bGMuv4pejg5Sov7UPdrmAdDVFHV.jpg,,,,,,,,,,,,,,,,
2325,tt0432314,/aQGSp6sdpje81OVxUa1gKspdtuo.jpg,,,,,,,,,,,,,,,,
2330,tt0152930,/13vrEB6T3DuDz26rWAUfHZV0eSm.jpg,,,,,,,,,,,,,,,,
2331,tt0199232,/7Y5SqjGJyVK6pFam8lDVYHlrURg.jpg,,,,,,,,,,,,,,,,
2332,tt0183869,/bsbllNS0oeKoxKJB0mAKnaeUjkE.jpg,,,,,,,,,,,,,,,,
2333,tt1058601,/3WXcrhrKNhk0GJ32uVVLYMFoK1n.jpg,,,,,,,,,,,,,,,,
2334,tt0295721,/yPOg9szzJQpmX4bCP0xaKlo06z5.jpg,,,,,,,,,,,,,,,,
2335,tt0804540,/2LAR3nFYjozHQiFJYKRjT4OAeK7.jpg,,,,,,,,,,,,,,,,
2336,tt0087560,/bbEKmlVfiQ3Gym7M0IC86zPuYSk.jpg,,,,,,,,,,,,,,,,
2337,tt0092145,/cfUCu3YEyPUOYdhXIJTQx2Ify9x.jpg,,,,,,,,,,,,,,,,
2346,tt0859765,/217PNqDx2pp3JnRBu6AqklatxA3.jpg,,,,,,,,,,,,,,,,
2348,tt0110044,/KfW6uMdrNapeQwW7T1eCRlCWiV.jpg,,,,,,,,,,,,,,,,
2349,tt0366416,/w0WaSJVQzS9rXC439mbAnxlVoUf.jpg,,,,,,,,,,,,,,,,
2355,tt0490204,/eF2y5Sqjz9M3IF06va6GxAq7UGU.jpg,,,,,,,,,,,,,,,,
2357,tt0499603,/zBKOY3fJNQZ88VNM7oLz1l7aBZF.jpg,,,,,,,,,,,,,,,,
2358,tt0338300,/vlD3EvvuviVGGd5SFpX5xWNim1O.jpg,,,,,,,,,,,,,,,,
2359,tt0386032,/tAEhAVqnleu3wEC2LuXvWzRvsEG.jpg,,,,,,,,,,,,,,,,
2360,tt0195234,/lxQH3GuD39uskpbYWWdcUzyhETJ.jpg,,,,,,,,,,,,,,,,
2361,tt0854672,/jJbNy2A2LeGLpX1ZKbv6GDpFK5q.jpg,,,,,,,,,,,,,,,,
2362,tt0070909,/cOJsaT8jEmG9s1MziVIPpHBRpQ7.jpg,,,,,,,,,,,,,,,,
2363,tt0052708,/x0LemIPNoAcKtktc57cBHcGgdlZ.jpg,,,,,,,,,,,,,,,,
2370,tt0065112,/rkoa4UNMlNyb9xBv8vAXaQCEJkV.jpg,,,,,,,,,,,,,,,,
2371,tt0081609,/9ikVcQXrZ8yhzZL0OPzx1UEOEm9.jpg,,,,,,,,,,,,,,,,
2373,tt0122617,/dZp2V7CIBRuQdUFaLzGt5Ehd4wa.jpg,,,,,,,,,,,,,,,,
2374,tt0164839,null,,,,,,,,,,,,,,,,
2375,tt0174143,null,,,,,,,,,,,,,,,,
2376,tt0078086,/tGUgcDL8Dq9ynMUQp33TSqf1oti.jpg,,,,,,,,,,,,,,,,
2377,tt0165113,/iBEKglz3fAaNy3UaQrNi2bGzvFS.jpg,,,,,,,,,,,,,,,,
2378,tt0169519,/yCKOpEMy225wMBaJ1aDF9zX7fM7.jpg,,,,,,,,,,,,,,,,
2379,tt0176254,null,,,,,,,,,,,,,,,,
2380,tt0173904,/chplEI4BElRBKckRis5QegdRCL4.jpg,,,,,,,,,,,,,,,,
2381,tt0081043,null,,,,,,,,,,,,,,,,
2382,tt0173821,/2M7AXyMmHTj3OsinxxhVcbgMCNs.jpg,,,,,,,,,,,,,,,,
2383,tt0095800,/nNb30bjrZACnnQ3kAriHoVhNr59.jpg,,,,,,,,,,,,,,,,
2385,tt0092521,/5R8qRm2zSgRs21EYZ7qTQxnAbLo.jpg,,,,,,,,,,,,,,,,
2386,tt0190718,/62Gy7KXCCTYHS8MP7oFD8ExOl26.jpg,,,,,,,,,,,,,,,,
2387,tt0105514,/5s0RMbuug7QqxO4MgRVphnEndFl.jpg,,,,,,,,,,,,,,,,
2388,tt0367266,null,,,,,,,,,,,,,,,,
2389,tt0174227,null,,,,,,,,,,,,,,,,
2390,tt0173907,null,,,,,,,,,,,,,,,,
2391,tt0084089,/lWgXWTNFVUkIab3U0EahTsCKs16.jpg,,,,,,,,,,,,,,,,
2392,tt0071309,/igDVVhX46p3bdU23yyg8nuWQz3I.jpg,,,,,,,,,,,,,,,,
2393,tt0065454,/ePI3HnEzphe6RiDdRfP391i4aHS.jpg,,,,,,,,,,,,,,,,
2394,tt0261964,/et8aWuUHPWV7oREyRyQd3n8kWjs.jpg,,,,,,,,,,,,,,,,
2395,tt0463872,/tKL0RJOeuccc1rrpcDKg8qhedIz.jpg,,,,,,,,,,,,,,,,
2397,tt0150500,/zU9hKyOjiR8NUpXztYVFLEFW0OO.jpg,,,,,,,,,,,,,,,,
2398,tt0175445,null,,,,,,,,,,,,,,,,
2399,,null,,,,,,,,,,,,,,,,
2400,tt0173806,/9Fqk4q4CiB6TOCHra0K4rCDiPUK.jpg,,,,,,,,,,,,,,,,
2401,tt0173960,null,,,,,,,,,,,,,,,,
2402,tt0240886,/4i5q1CQAeTFIHcGxAdovTZNahLc.jpg,,,,,,,,,,,,,,,,
2405,tt0113483,/xZmOJIHDLe46HMdyXbXE6sVogAK.jpg,,,,,,,,,,,,,,,,
2410,tt0147530,/6AHjhPrKjrLl6IWu98vowNnpXAC.jpg,,,,,,,,,,,,,,,,
2411,tt0176090,/7eUfF8Vhea7kXgXphloM7FlH1r6.jpg,,,,,,,,,,,,,,,,
2412,tt0932662,null,,,,,,,,,,,,,,,,
2413,tt0075520,/9DiMYZfmEH9yIPMutpktn5LzTm0.jpg,,,,,,,,,,,,,,,,
2414,tt0174003,null,,,,,,,,,,,,,,,,
2415,tt0176007,null,,,,,,,,,,,,,,,,
2416,tt0358355,null,,,,,,,,,,,,,,,,
2417,tt0174311,null,,,,,,,,,,,,,,,,
2428,tt0059245,/t9fuja3D9miQU9lXJlmvlINn5kZ.jpg,,,,,,,,,,,,,,,,
2429,tt0072323,/dHdlkGsz5IaRPTkOEQD8Z6FMoob.jpg,,,,,,,,,,,,,,,,
2430,tt0181384,/sHwjAn4gnovVn75gnmSDhM9Rh8o.jpg,,,,,,,,,,,,,,,,
2431,tt0173986,null,,,,,,,,,,,,,,,,
2433,tt0062873,/ylkO72wPas7bJ7dvPlBPV2wlhjS.jpg,,,,,,,,,,,,,,,,
2434,tt0175392,null,,,,,,,,,,,,,,,,
2435,tt0303120,/hkxD0cfPEmgWS4RByHrKQfbA71A.jpg,,,,,,,,,,,,,,,,
2436,tt0106761,/yv21myb4k32qUhuEmuCg1uYiOOC.jpg,,,,,,,,,,,,,,,,
2437,tt0155522,/tzhqVUIFrRm824cAjmU7KK8OR7t.jpg,,,,,,,,,,,,,,,,
2438,tt0046874,/aXagcJwPLDnNp9GU7VgDNA0FMyE.jpg,,,,,,,,,,,,,,,,
2440,tt0260991,/iTB01AX6We1h8CAJql55dUyvSWq.jpg,,,,,,,,,,,,,,,,
2441,tt0103186,/emCCvX5wc7C6sszY95sS2q0SkIn.jpg,,,,,,,,,,,,,,,,
2442,tt0113063,/wCLOI343p8kCWFnBWIVKQdXMxmy.jpg,,,,,,,,,,,,,,,,
2443,tt0037303,/1nAQZjoUNLrfMCCNL9i5PjZoIfV.jpg,,,,,,,,,,,,,,,,
2444,tt0106305,/fc2S2ZakzdShZgkyMrUbFtHSBbX.jpg,,,,,,,,,,,,,,,,
2447,tt0762121,/ww7dGoQimsaFtX9Z0ZlbnxZ6ueM.jpg,,,,,,,,,,,,,,,,
2448,tt0312496,null,,,,,,,,,,,,,,,,
2449,tt0193426,null,,,,,,,,,,,,,,,,
2452,tt0174004,null,,,,,,,,,,,,,,,,
2453,tt0102005,/u2wmXRegggH2o2AtRm0HXKtJqHY.jpg,,,,,,,,,,,,,,,,
2454,tt0499448,/mEHd5n927ifJEODgbtC09Faqwcg.jpg,,,,,,,,,,,,,,,,
2455,tt0086551,/wZSSEugyfJkYohiMHlYCPxjHPHY.jpg,,,,,,,,,,,,,,,,
2456,tt0219164,null,,,,,,,,,,,,,,,,
2457,tt0037674,/uLc8vBdJkuvceSTbcmsW9jwdp8Q.jpg,,,,,,,,,,,,,,,,
2459,tt0076852,/65k7AoUdNr7WePM3Y6L3vJonLV3.jpg,,,,,,,,,,,,,,,,
2460,tt0117909,/6hnIOGziWKCWNlbRkQhnz4vpyec.jpg,,,,,,,,,,,,,,,,
2462,tt0064425,/mp1ua0k9jpXQh8VfLuWvwYrkh3L.jpg,,,,,,,,,,,,,,,,
2463,tt0216165,/1DoZOHrAtZhoLYIg27DncmcWsTS.jpg,,,,,,,,,,,,,,,,
2464,tt0243907,/3yg8dUFExo0vnZFbqVwmvaDIHgM.jpg,,,,,,,,,,,,,,,,
2469,tt0101026,/t8oYWntv459ZWnQhEOc9oQKW6pA.jpg,,,,,,,,,,,,,,,,
2470,tt0103791,/rbbLHEalXSLU3xwqvsftn5rol3S.jpg,,,,,,,,,,,,,,,,
2486,tt0449010,/uullYtxDCtyNGsLubAYzbXxSlW3.jpg,,,,,,,,,,,,,,,,
2487,tt0158714,/8Xotz4QPphcfPOA2v4n9CemDAYB.jpg,,,,,,,,,,,,,,,,
2493,tt0093779,/gpxjoE0yvRwIhFEJgNArtKtaN7S.jpg,,,,,,,,,,,,,,,,
2501,tt0258463,/bXQIL36VQdzJ69lcjQR1WQzJqQR.jpg,,,,,,,,,,,,,,,,
2502,tt0372183,/6a74OaZArLNNDHK9SdiLBUu2JYj.jpg,,,,,,,,,,,,,,,,
2503,tt0440963,/fHho6JYYY0nRcETWSoeI19iZsNF.jpg,,,,,,,,,,,,,,,,
2516,tt0062089,/jN60zeGeZsmqGVMSLFd1IH0IkdN.jpg,,,,,,,,,,,,,,,,
2517,tt0408664,/4szFBsGWyRUCxvN0kwxX9aBqywg.jpg,,,,,,,,,,,,,,,,
2518,tt0346293,/jX9mbarsU4XG0f7C51FSWy7GBUE.jpg,,,,,,,,,,,,,,,,
2525,tt0060164,/5Lp3sMtwMxcc2Azm4DDVyxWpHvr.jpg,,,,,,,,,,,,,,,,
2526,tt0072547,/xLIK4hy3kCmQ5MAaoT7RcbbhL8o.jpg,,,,,,,,,,,,,,,,
2527,tt0064861,/mN94b6pHiTQrztGvYZEORCiB8En.jpg,,,,,,,,,,,,,,,,
2528,tt0102368,/smjD2r5itvDXmgQkKsMfm0a7CFm.jpg,,,,,,,,,,,,,,,,
2536,tt0062642,/1f7qYXmSRGHPFxg9kaBTubIoAEm.jpg,,,,,,,,,,,,,,,,
2537,tt0382898,/25d1EE5T5xC4eR1UTq9lrRPlUpK.jpg,,,,,,,,,,,,,,,,
2538,tt0113312,NULL,,,,,,,,,,,,,,,,
2539,tt0371246,/eXsj4d6kP5z1n9Pkk7rosX2TF9w.jpg,,,,,,,,,,,,,,,,
2546,tt0054494,/7mlqkmLAPQq5cu6FknL7GPJpnGy.jpg,,,,,,,,,,,,,,,,
2565,tt0099892,/6VVYtZ7NzYB4jN4qhb668b5Vva3.jpg,,,,,,,,,,,,,,,,
2566,tt0417189,/bhtJ7Ea2ea8iDruoH0ECiw4Kq2R.jpg,,,,,,,,,,,,,,,,
2567,tt0338751,/3MKBQgIHI5DPVNvryiTesskS5mf.jpg,,,,,,,,,,,,,,,,
2574,tt0052556,/9fOUUpZccHFw9jZNn6sJI2jlYzY.jpg,,,,,,,,,,,,,,,,
2575,tt0236784,/crJTnaCvzw3gCCqNSzEK6yerzJU.jpg,,,,,,,,,,,,,,,,
2576,tt0052738,/eZG6SvGTifA7Ac6IstqKAVwQkeT.jpg,,,,,,,,,,,,,,,,
2577,tt0345061,/lOEo7iG0FV6mxpvl8IQoSvsGSC3.jpg,,,,,,,,,,,,,,,,
2587,tt0069824,NULL,,,,,,,,,,,,,,,,
2588,tt0456340,/8A7VYEptvcdVvLIgckSoFlcQjf3.jpg,,,,,,,,,,,,,,,,
2593,tt0057058,/zLo1Xw6CmxLidBRXLQWKazSUAzp.jpg,,,,,,,,,,,,,,,,
2594,tt0291400,/n2dSoSl0IE6LxaZEmNYVqwl0d4T.jpg,,,,,,,,,,,,,,,,
2604,tt0096969,/iAUSzQNpxf9fX1EvhNbeguo6aVA.jpg,,,,,,,,,,,,,,,,
2605,tt0091949,/7HGVea7ful5Hvm7yngAQhIXubJv.jpg,,,,,,,,,,,,,,,,
2608,tt0093476,/AaYv2HVNujmYZ8fGmpgyjP6iHfe.jpg,,,,,,,,,,,,,,,,
2609,tt0093748,NULL,,,,,,,,,,,,,,,,
2610,tt0338427,/o8cHf3J34IMJtg6XdX9wSkjvw39.jpg,,,,,,,,,,,,,,,,
2611,tt0102598,/z0MHZY081zXVkgChqwxu2tVkN3t.jpg,,,,,,,,,,,,,,,,
2612,tt0100201,/lralkijxLG6yG3GP2STbJAvFABL.jpg,,,,,,,,,,,,,,,,
2613,tt0105165,/8W1Tr3Ae1nujobMZRId3US3xaqW.jpg,,,,,,,,,,,,,,,,
2614,tt0093260,/krRl7QKdIYsVUPYmOwElA1sqQE7.jpg,,,,,,,,,,,,,,,,
2616,tt0098554,/kO8JMofYBEnawCTRjsrmqmcNSEr.jpg,,,,,,,,,,,,,,,,
2617,tt0095253,/eSruS487kYsjr7k3QJayktlIYyp.jpg,,,,,,,,,,,,,,,,
2619,tt0088161,/nP4O0DUMvqlxvptcjOHdyzK0T2Y.jpg,,,,,,,,,,,,,,,,
2620,tt0090660,/5pO6QI7zKYDbic1ULYQkZ7VLV18.jpg,,,,,,,,,,,,,,,,
2621,tt0122459,/3HvUbZLA9laGje1IFq4Lvj5mqWZ.jpg,,,,,,,,,,,,,,,,
2623,tt0084434,/1fveHeEaOpGW91ZM4ViT0Jviuak.jpg,,,,,,,,,,,,,,,,
2625,tt0107611,/yeSnOxbdYqHexjZMG91Ep4MAbr8.jpg,,,,,,,,,,,,,,,,
2636,tt0111255,/flK0OtdFRvfbs5BixEqU327H8ZB.jpg,,,,,,,,,,,,,,,,
2637,tt0265349,/746O4Rn8TKRp2UZoenD4dgwmKMj.jpg,,,,,,,,,,,,,,,,
2639,tt0118954,/krKRthefSZlUjnzDvN4isqty0R7.jpg,,,,,,,,,,,,,,,,
2640,tt0097493,/38DHopfWHrWqYjphcBeAxOomled.jpg,,,,,,,,,,,,,,,,
2641,tt0088471,/qPjcKO4vtULtpHpVsJeEVwsxhfX.jpg,,,,,,,,,,,,,,,,
2642,tt0313737,/oJhoI85vBdFRSMEgnYNCcrNDocJ.jpg,,,,,,,,,,,,,,,,
2644,tt0084955,/uCEoQLSwx68RiTx32rduUwELkGD.jpg,,,,,,,,,,,,,,,,
2645,tt0086646,/mI2JxThbe4zwgBZQtR62MVXku0u.jpg,,,,,,,,,,,,,,,,
2646,tt0088457,/mbGOwf0mXOkQUJDChfTNbnlIS5.jpg,,,,,,,,,,,,,,,,
2647,tt0092268,/phfuUSf14DIxPVmGZ5ByCNLQgCZ.jpg,,,,,,,,,,,,,,,,
2648,tt0098681,/492q0Zdn43zCkTfdOZwOzSCj79n.jpg,,,,,,,,,,,,,,,,
2649,tt0119174,/reLfX4fIasqLXCdgZ7vnnYWYhe3.jpg,,,,,,,,,,,,,,,,
2652,tt0424136,/1xInhmQVOOVS7xFT5DthpIwUTDI.jpg,,,,,,,,,,,,,,,,
2654,tt0113409,/8a0p1M0Im4H9hTfIX6Fj655LMg4.jpg,,,,,,,,,,,,,,,,
2655,tt0161081,/A1mrfm8LEv7L28q50ld8QI5z9Iu.jpg,,,,,,,,,,,,,,,,
2657,tt0120789,/x8MtiTDDhmQBRKRw06d7o05Nss7.jpg,,,,,,,,,,,,,,,,
2698,tt0413099,/mtIjd19s4eOSkUm9P9iDVY35TsQ.jpg,,,,,,,,,,,,,,,,
2699,tt0115392,/AosgVsKPbLctVQ8hd8shEj7LJrZ.jpg,,,,,,,,,,,,,,,,
2700,tt0183055,/1U1vNItYr8HjIvpHxbtQsApY4Y3.jpg,,,,,,,,,,,,,,,,
2701,tt0109036,/6uNKlV6xKBD8IrOr1nY3yelTeAj.jpg,,,,,,,,,,,,,,,,
2702,tt0420715,/unxBztjmfUMG14XDLqnDktmS1LQ.jpg,,,,,,,,,,,,,,,,
2703,tt0109884,/4SBanQR3t3jcoAUMpo2KvCqWtk8.jpg,,,,,,,,,,,,,,,,
2707,tt0270621,/wsfgZNRvViT6wcI4Nw9J8yw17xC.jpg,,,,,,,,,,,,,,,,
2712,tt0110175,/gvgOSER6tDlEELShxiDFRqzxRG3.jpg,,,,,,,,,,,,,,,,
2718,tt0174077,null,,,,,,,,,,,,,,,,
2719,tt0117086,/4g6KNca4LvCZNtWjuLBUcxmNRFl.jpg,,,,,,,,,,,,,,,,
2721,tt0065234,/nbN1WTcFvQvSUZuSgkvFrZVdsBO.jpg,,,,,,,,,,,,,,,,
2722,tt0301524,/3Sp64LPk9CYwjlFfLjWV64x5Jhq.jpg,,,,,,,,,,,,,,,,
2728,tt0486640,/pBTuPIcMxAWuh6ZEIFU8vBFXZp.jpg,,,,,,,,,,,,,,,,
2731,tt0104507,/kR2yxgnO9pTnUxoZNTvFTCTETPh.jpg,,,,,,,,,,,,,,,,
2732,tt0800353,/xmIsllXaQPAyJtErpS5z6mViYNq.jpg,,,,,,,,,,,,,,,,
2734,tt0118933,/yiptujNoLZLwTOOzD3hqChvXhvT.jpg,,,,,,,,,,,,,,,,
2735,tt0174934,null,,,,,,,,,,,,,,,,
2740,tt0344160,/kgrW4vTlvcTki8oqSbrYVOswuxX.jpg,,,,,,,,,,,,,,,,
2742,tt0102511,/1gAJW7b3yCZasSuzhEBLVlJXA1C.jpg,,,,,,,,,,,,,,,,
2747,tt0126911,NULL,,,,,,,,,,,,,,,,
2748,tt0046511,/sVDjxmAuVfydv3UC3kg8n1nCP6A.jpg,,,,,,,,,,,,,,,,
2749,tt0179626,/qqqleHV8y7NLKt7isSZAvOwVPH6.jpg,,,,,,,,,,,,,,,,
2750,tt0274309,/2DJ3tP4yKYFodXXqVeLJVjE2Ssw.jpg,,,,,,,,,,,,,,,,
2751,tt0239206,/1lKU6iK3boJsfKgFQKqSElieq7d.jpg,,,,,,,,,,,,,,,,
2752,tt0243736,/bIyZfvT4kwfR6pus69kpbQKIokJ.jpg,,,,,,,,,,,,,,,,
2753,tt0090576,/c3KrxFO8g9cM1kr1fKHXu5dhbLd.jpg,,,,,,,,,,,,,,,,
2754,tt0090579,/zsXNdIoSRtkylveLmMt3YTuqxu5.jpg,,,,,,,,,,,,,,,,
2755,tt0257360,/riJV5Bq0IXItG3ceywNWkw7il7K.jpg,,,,,,,,,,,,,,,,
2756,tt0096754,/kRP5dGXDhKt7bDpXX4YBa4dRwlL.jpg,,,,,,,,,,,,,,,,
2757,tt0268126,/5trb1V5f3IsjpZx2GiuUylowl3W.jpg,,,,,,,,,,,,,,,,
2758,tt0106220,/zEwEXGDvJ8Ou2s6XbLMPvMTX53S.jpg,,,,,,,,,,,,,,,,
2759,tt0109045,NULL,,,,,,,,,,,,,,,,
2760,tt0017075,/feCIblDiTU1L2uWTi3rtYw6Nzyz.jpg,,,,,,,,,,,,,,,,
2761,tt0028231,/i1LsfCAuZWZsI5S5ewvQ3RCrXOc.jpg,,,,,,,,,,,,,,,,
2762,tt0029811,/oh8OCj1FHqARGVmp4B8T471p6Xh.jpg,,,,,,,,,,,,,,,,
2764,tt0118588,/cVK6Uo4sZAmiLuNOBEDzu6whi8d.jpg,,,,,,,,,,,,,,,,
2767,tt0101318,/dGp70VfY87zG42WNTGp9SvYtnKx.jpg,,,,,,,,,,,,,,,,
2768,tt0080365,/kwbOIABYZjLwd8UViMvkw40l2rr.jpg,,,,,,,,,,,,,,,,
2769,tt0043278,/A71AXLqndeY4Ld7GWYyUpdCsJ6s.jpg,,,,,,,,,,,,,,,,
2770,tt0252866,/q4LNgUnRfltxzp3gf1MAGiK5LhV.jpg,,,,,,,,,,,,,,,,
2771,tt0305206,/qIJHt9PO13mAuFnHgrJUAq5p8Bf.jpg,,,,,,,,,,,,,,,,
2772,,null,,,,,,,,,,,,,,,,
2773,,null,,,,,,,,,,,,,,,,
2774,,null,,,,,,,,,,,,,,,,
2775,,null,,,,,,,,,,,,,,,,
2776,,null,,,,,,,,,,,,,,,,
2777,tt0190268,/q7XdXcrMU6M0zCbSRwjwwgJAApm.jpg,,,,,,,,,,,,,,,,
2778,tt0109447,/w7H47l6scZ0JWxfD3CNxpZrb7SV.jpg,,,,,,,,,,,,,,,,
2779,tt0256524,/xm8QdqSzacV6eVLu6NOjGTd38di.jpg,,,,,,,,,,,,,,,,
2784,tt0023600,null,,,,,,,,,,,,,,,,
2786,tt0059592,/tUE1rWD7Uga2U7CSM0P4mBJnHac.jpg,,,,,,,,,,,,,,,,
2787,tt0134847,/u6oDHb3z0uZNQHNdJwHJAW1jD4q.jpg,,,,,,,,,,,,,,,,
2788,tt0110950,/gbi7dmxPNVqJQpKnHOpZ9dmeWAO.jpg,,,,,,,,,,,,,,,,
2789,tt0296572,/aEMZmAz0bGfOww4zbjja3ZDR7iG.jpg,,,,,,,,,,,,,,,,
2790,tt1232001,/AlSSPZt0Ts9wSeoR1kkUVQUgd7s.jpg,,,,,,,,,,,,,,,,
2791,tt0407658,/ewqSDOOyjyODmyuVuxHmKGYKZR9.jpg,,,,,,,,,,,,,,,,
2807,,null,,,,,,,,,,,,,,,,
2813,tt0078467,/scZTst5JSj5Oo4xx3t9v5FQGVL1.jpg,,,,,,,,,,,,,,,,
2814,tt0098244,/gQeX2Nk2WIqT53ons2Dtv1k3QaG.jpg,,,,,,,,,,,,,,,,
2815,tt0175987,null,,,,,,,,,,,,,,,,
2817,tt0119828,/iFmfKTRUlCe82dNbfgUQgSHK1if.jpg,,,,,,,,,,,,,,,,
2819,tt0593207,null,,,,,,,,,,,,,,,,
2820,tt0451035,/ePXffnho39kcZA0N5on4FBoPS3w.jpg,,,,,,,,,,,,,,,,
2821,tt1319566,null,,,,,,,,,,,,,,,,
2823,,null,,,,,,,,,,,,,,,,
2824,tt0057319,null,,,,,,,,,,,,,,,,
2826,tt0175396,null,,,,,,,,,,,,,,,,
2830,tt0270980,/du7joY11DJZeXXph7FwkJ3uo7om.jpg,,,,,,,,,,,,,,,,
2832,tt0309698,/xSNSp2wmCUwFavxdkMF417hBc39.jpg,,,,,,,,,,,,,,,,
2837,tt0174654,/n9L6wovZsmanFcidnejoZemjBox.jpg,,,,,,,,,,,,,,,,
2840,tt0175688,/hFwzaSJy1r1XWHU2cEgjayEa1YC.jpg,,,,,,,,,,,,,,,,
2841,tt0344510,/jtE7Xrj8KKnhGI3p2yCgwrtUCnd.jpg,,,,,,,,,,,,,,,,
2844,tt0473080,/TTueyqZr5KiL0JoOTHNr9oB44V.jpg,,,,,,,,,,,,,,,,
2845,tt0468869,/81rlt5pj3rHsDwulgq0Lu7Nun28.jpg,,,,,,,,,,,,,,,,
2846,tt0448183,null,,,,,,,,,,,,,,,,
2847,,null,,,,,,,,,,,,,,,,
2848,tt0411236,null,,,,,,,,,,,,,,,,
2849,,null,,,,,,,,,,,,,,,,
2850,,null,,,,,,,,,,,,,,,,
2851,,null,,,,,,,,,,,,,,,,
2852,,null,,,,,,,,,,,,,,,,
2854,,null,,,,,,,,,,,,,,,,
2855,tt0055137,/oruhpfF26QKNNRG7Ur12oYmFLez.jpg,,,,,,,,,,,,,,,,
2856,tt1533792,null,,,,,,,,,,,,,,,,
2857,tt1236474,null,,,,,,,,,,,,,,,,
2858,tt2585880,null,,,,,,,,,,,,,,,,
2859,tt0976042,/w3gGD9LrinEKYwMXhVnssE9WDqc.jpg,,,,,,,,,,,,,,,,
2860,tt0065772,/nih4uL369ATVTYr8LTHopuHYchq.jpg,,,,,,,,,,,,,,,,
2861,tt0082053,/c9YqifOPRSdSPapWVwRZipwORz7.jpg,,,,,,,,,,,,,,,,
2863,tt0066379,/oBeAqTr9cpxQBFs6dRdURmlCQAc.jpg,,,,,,,,,,,,,,,,
2882,tt0792965,NULL,,,,,,,,,,,,,,,,
2887,tt0106273,/cpOtoT57nSeVA0FrbvnicEuJqPs.jpg,,,,,,,,,,,,,,,,
2890,tt0222718,NULL,,,,,,,,,,,,,,,,
2891,tt0099040,/kD0RtdwiNETK1yFVZYCwDxBA60B.jpg,,,,,,,,,,,,,,,,
2892,tt0112362,/aCvCn3PIdnEAPpHreswg2YXhrEI.jpg,,,,,,,,,,,,,,,,
2893,tt0068542,/eeaKJVgMdJv8PTHPO9B0DGH4PUV.jpg,,,,,,,,,,,,,,,,
2894,tt0239234,/uUL4jwje3kpekDfeAZYtAxdcXrU.jpg,,,,,,,,,,,,,,,,
2895,tt0118632,/9TENkQeln0bdLnlO1VdoCd5HCSi.jpg,,,,,,,,,,,,,,,,
2896,tt0305240,/bY0eJTJZXWY68GFgpZJLbk6C1Ho.jpg,,,,,,,,,,,,,,,,
2897,tt0048960,/2vLu9eVefJ6WK3OJnlLQQE4lSw5.jpg,,,,,,,,,,,,,,,,
2898,tt0119822,/q2645aW8vgg1g7RL5lil6K93yaA.jpg,,,,,,,,,,,,,,,,
2899,tt0250223,/qWy5b64SoBXcMDdfgLyLZgIHSdv.jpg,,,,,,,,,,,,,,,,
2900,tt0138304,/2zm3a3453aWN078Qd6nIQngbEkM.jpg,,,,,,,,,,,,,,,,
2901,tt0324011,/mciuAt2fu3yfUsnOPKZHXtEg0v7.jpg,,,,,,,,,,,,,,,,
2903,tt0112410,/hZFnOAlGWNJTQ6v35a6SwaR9squ.jpg,,,,,,,,,,,,,,,,
2904,tt1597526,null,,,,,,,,,,,,,,,,
2905,,null,,,,,,,,,,,,,,,,
2906,tt1650816,null,,,,,,,,,,,,,,,,
2907,tt0101272,/ajiQj0jbacMAmPxDU3fP9TeIfTi.jpg,,,,,,,,,,,,,,,,
2908,tt0090714,/1xebnC3IMVNRCfI5ZOn6lqh0xO.jpg,,,,,,,,,,,,,,,,
2909,tt0074671,/jvphRhQuotA52HYVDFrNLhQs2eQ.jpg,,,,,,,,,,,,,,,,
2911,tt0398029,/gPdQSFgllfBJ7b7RMKSlBuZIGZt.jpg,,,,,,,,,,,,,,,,
2912,tt0064106,/8yVgLdLOJNQLcvkp5PuWHMLP60G.jpg,,,,,,,,,,,,,,,,
2914,tt0236097,/oN5pJ4Ky6Djy8ArcOL4ISH2cFEa.jpg,,,,,,,,,,,,,,,,
2922,tt0252253,/4fb67gs3lAD448jhZwIB4Q86ZRL.jpg,,,,,,,,,,,,,,,,
2923,tt0120594,/owKZAo5QxyulBwMvHqKn4a2abNc.jpg,,,,,,,,,,,,,,,,
2924,tt0101393,/3E2puQrspfkGC6XuxGdB9ghXPtY.jpg,,,,,,,,,,,,,,,,
2925,tt0116313,/tYdf6sIBZ7Ph0CQrP6g8BNc8OD1.jpg,,,,,,,,,,,,,,,,
2926,tt0072281,/6DBf0MhwjtHsFF9xqSZlez3flr8.jpg,,,,,,,,,,,,,,,,
2927,tt0097910,/opy8lmBInujEWRcEZUAsq7ezdke.jpg,,,,,,,,,,,,,,,,
2928,tt0117038,/xof1HmoI3NrSrmzHByjK6W7dU8E.jpg,,,,,,,,,,,,,,,,
2929,tt0001223,/dhBbnmFjVPl6wHdtx4HERIB3G8k.jpg,,,,,,,,,,,,,,,,
2956,tt0006820,NULL,,,,,,,,,,,,,,,,
2957,tt0130001,null,,,,,,,,,,,,,,,,
2958,tt0130002,null,,,,,,,,,,,,,,,,
2959,tt0762114,/9I8NiY5cfFmwgI8Y5NKQqsuDawS.jpg,,,,,,,,,,,,,,,,
2960,tt0007240,null,,,,,,,,,,,,,,,,
2961,tt0130004,null,,,,,,,,,,,,,,,,
2962,tt0130005,/aoaVVnDJlDH7zVejt6PR34TfSUd.jpg,,,,,,,,,,,,,,,,
2963,tt0000499,/dyBgVacU4fKNXwsKLEWjiUILJQX.jpg,,,,,,,,,,,,,,,,
2964,tt0008100,/yxqtsTiuARFZY0H5uZyiRV1gEDf.jpg,,,,,,,,,,,,,,,,
2965,tt0118247,NULL,,,,,,,,,,,,,,,,
2966,tt0118248,NULL,,,,,,,,,,,,,,,,
2967,tt0008826,/ybayeSdaVeOQQFtph98MbiVNtm0.jpg,,,,,,,,,,,,,,,,
2968,tt0008825, genannt die rote Hanne,,,,,,,,,,,,,,,,
2969,tt0017621,/nQ86wagyaAOF9KgsxQKUAHYlhCZ.jpg,,,,,,,,,,,,,,,,
2970,tt0020635,/t7E8krdy5ElcaIFouBwFlXTLAVZ.jpg,,,,,,,,,,,,,,,,
2971,tt0044344,/wFRCEVYuImeuWzfFCPGWHad5SUG.jpg,,,,,,,,,,,,,,,,
2972,tt0011237,NULL,,,,,,,,,,,,,,,,
2973,tt0014646,/vF0xfwd4Dzrf0iBhnANTXNTmTAq.jpg,,,,,,,,,,,,,,,,
2974,tt0015202,/qVhIhZrBK5Mtrt5zAwIWBeyAxzY.jpg,,,,,,,,,,,,,,,,
2976,tt0427327,/ndOpIx4BXpFCRRIxgMoGHxZxlE9.jpg,,,,,,,,,,,,,,,,
2977,tt0416508,/iLNBdoaKzXNhZV4qbhJPkIEfLEg.jpg,,,,,,,,,,,,,,,,
2978,tt0097428,/4nN0EYNbOWHJ9UO39maO5Kvcdfa.jpg,,,,,,,,,,,,,,,,
2979,tt1230164,/zmdy5f2JZYrVHAo7LN4zv8ALcqz.jpg,,,,,,,,,,,,,,,,
2981,tt0016039,/bEHH13QZKvGJS7H3U5JlcroqLFX.jpg,,,,,,,,,,,,,,,,
2982,tt0054038,/9XPw5Q1kJspN2ZfLfRlhfZtj6ih.jpg,,,,,,,,,,,,,,,,
2983,tt0104759,/8JWUMEwLAWcTT4eVI7GpsXtIhtx.jpg,,,,,,,,,,,,,,,,
2984,tt0061523,/20sih3KIfCERbSb15tLSfzmaAm9.jpg,,,,,,,,,,,,,,,,
2985,tt0063696,/5d1dNabYtJ96TiwCorX9YB24UMK.jpg,,,,,,,,,,,,,,,,
2986,tt0059680,/mQ7QYbfxQvxWWeKRDssMldTbcXn.jpg,,,,,,,,,,,,,,,,
2987,tt0070416,null,,,,,,,,,,,,,,,,
2988,tt0070157,/eJJbcBACphkeP9Raq8yKPeYuXKM.jpg,,,,,,,,,,,,,,,,
2989,tt0083001,/3v5T5ahdzSg8EzPddprTaEeAmrM.jpg,,,,,,,,,,,,,,,,
2990,tt0100318,/dAkfUZz0nuG2M7wPAnYwSENuJNe.jpg,,,,,,,,,,,,,,,,
2991,tt0070031,/64ywSj55UX307xqVNfZRx6lnyr3.jpg,,,,,,,,,,,,,,,,
2992,tt0149698,/sQSDivL9qMIt4lObIbRm68jgGRe.jpg,,,,,,,,,,,,,,,,
2993,tt0065148,/nUbGgZU5VCCjwa2c0sPpvpPv2P7.jpg,,,,,,,,,,,,,,,,
2994,tt0062861,/9ddUlSUNzdmbVz44AiGq4gSbGxf.jpg,,,,,,,,,,,,,,,,
2995,tt0059433,/yK6dC3IcCFJi0M5n1uxSXZatfJg.jpg,,,,,,,,,,,,,,,,
2996,tt0938313,/jIbOask5u34XCzEd9g4gCwkl96z.jpg,,,,,,,,,,,,,,,,
2997,tt0138581,/zAZHSZALUh7q2Q5S2600QmqVCgM.jpg,,,,,,,,,,,,,,,,
2998,tt0066601,/4yInJAMeuOf1tErz4D2vkiFQCvD.jpg,,,,,,,,,,,,,,,,
